"gene_id","baseMean","log2FoldChange","lfcSE","pvalue","padj","significant","direction"
"Gene0035",103.879723813235,1.7370832646258,0.247424068089791,1.3253049328557e-13,1.31072657859429e-10,TRUE,"up in treated"
"Gene0043",2367.90689202682,1.64180677393692,0.250519894762881,2.11336736089796e-12,1.04506015996404e-09,TRUE,"up in treated"
"Gene0008",198.889283599712,1.93337234607246,0.300217701752441,3.28653884161612e-12,1.08346230478611e-09,TRUE,"up in treated"
"Gene0014",104.205482146885,1.73453898274598,0.280533070477792,2.27345671203812e-11,4.76222570249705e-09,TRUE,"up in treated"
"Gene0054",93.9571070011269,1.62109412169026,0.260455505400086,2.40759641177809e-11,4.76222570249705e-09,TRUE,"up in treated"
"Gene0012",43.7387801409843,1.89956368178104,0.315387458976627,8.51268112114458e-11,1.403173604802e-08,TRUE,"up in treated"
"Gene0042",191.323640139709,1.56207618355491,0.262944849662931,1.08858808490211e-10,1.53801945138312e-08,TRUE,"up in treated"
"Gene0003",132.372729409403,1.49873528785068,0.25899946375401,3.55523748601239e-10,4.39516234208281e-08,TRUE,"up in treated"
"Gene0098",160.199863191009,-1.62120216692317,0.283891051082594,4.6182776656448e-10,4.56747661132271e-08,TRUE,"down in treated"
"Gene0100",37.2821933361027,-1.89987994891226,0.329259620280523,4.28392816090177e-10,4.56747661132271e-08,TRUE,"down in treated"
"Gene0004",210.278191366396,1.49460932490011,0.268320897661121,1.08740645088057e-09,9.77677254473527e-08,TRUE,"up in treated"
"Gene0040",102.615129112221,1.58487318973985,0.29051698419148,2.73242922241815e-09,2.25197708414296e-07,TRUE,"up in treated"
"Gene0006",152.378197850743,1.68366576609279,0.313080755764507,3.58754989178372e-09,2.72929757151854e-07,TRUE,"up in treated"
"Gene0049",233.563747448898,1.57251587910631,0.298448819010968,5.22132323984872e-09,3.68849191729313e-07,TRUE,"up in treated"
"Gene0062",153.999950606302,-1.39271212121359,0.277540703368876,2.22248281742934e-08,1.46535700429174e-06,TRUE,"down in treated"
"Gene0038",113.540957424668,1.35100731353439,0.271801529470234,3.80778899614096e-08,2.35368957323963e-06,TRUE,"up in treated"
"Gene0085",166.00787583625,-1.29925732491128,0.27679338773257,1.07455508686406e-07,6.25138224063855e-06,TRUE,"down in treated"
"Gene0021",48.4552415720921,1.34393110831527,0.287701593075897,1.65233038566748e-07,9.07863750791744e-06,TRUE,"up in treated"
"Gene0017",111.134099642956,1.45449235899942,0.320837131766553,2.64493701824946e-07,1.32714267004978e-05,TRUE,"up in treated"
"Gene0057",39.529435531367,1.614943152735,0.362766094393054,2.81799758048992e-07,1.32714267004978e-05,TRUE,"up in treated"
"Gene0086",36.8156256178688,-1.52657582197858,0.335438596700413,2.73135637688548e-07,1.32714267004978e-05,TRUE,"down in treated"
"Gene0026",122.000045604693,1.33871674043056,0.294511995179206,2.99991841842965e-07,1.34859968901224e-05,TRUE,"up in treated"
"Gene0034",197.611125765109,1.58162275748156,0.359465982547768,3.36948113034145e-07,1.39722544424308e-05,TRUE,"up in treated"
"Gene0059",116.833405394399,1.27900981544052,0.287249032638912,3.39063808511971e-07,1.39722544424308e-05,TRUE,"up in treated"
"Gene0015",223.306735824,1.53437001333959,0.345279820271419,3.90676848553598e-07,1.48607462776734e-05,TRUE,"up in treated"
"Gene0058",197.960265894901,1.50746985031021,0.337726724440357,3.80549834618647e-07,1.48607462776734e-05,TRUE,"up in treated"
"Gene0070",200.84153727579,-1.24397748389397,0.278938578514136,4.73451976080779e-07,1.73423705312552e-05,TRUE,"down in treated"
"Gene0097",98.0580672289949,-1.36197821282734,0.31516230730415,6.94982992989476e-07,2.45477921452354e-05,TRUE,"down in treated"
"Gene0039",29.3341733030369,1.6019969751875,0.369586450032159,7.51686563849981e-07,2.56351038499183e-05,TRUE,"up in treated"
"Gene0073",66.4059315070487,-1.23193755733065,0.286140167753558,9.60663057180371e-07,3.16698587850462e-05,TRUE,"down in treated"
"Gene0093",71.8617215891949,-1.15722849951762,0.279189731898409,2.03559812550033e-06,6.49421466490267e-05,TRUE,"down in treated"
"Gene0005",71.6169808778938,1.61962729662417,0.40796278668569,2.76022277606876e-06,8.53081351728751e-05,TRUE,"up in treated"
"Gene0090",131.591402409843,-1.42600260457864,0.371285865644038,3.68608426448653e-06,0.00011047082841143,TRUE,"down in treated"
"Gene0074",67.1164608314273,-1.25202159223208,0.314540694344038,4.1158855200874e-06,0.000119723846451954,TRUE,"down in treated"
"Gene0075",473.120664703359,-1.1891124335114,0.302614216380759,4.33590296347996e-06,0.000122520229453762,TRUE,"down in treated"
"Gene0078",52.6539180167537,-1.25710504727966,0.327361507840332,5.8237834372314e-06,0.000159992272761718,TRUE,"down in treated"
"Gene0010",232.113802817461,1.42844411543807,0.376607695423388,6.76500746744762e-06,0.000180826821224478,TRUE,"up in treated"
"Gene0002",265.129149227083,1.37304082133848,0.371397800111582,1.10540051448354e-05,0.000287695028637952,TRUE,"up in treated"
"Gene0053",68.6063448982479,1.31082579071274,0.359773566377456,1.38620861996119e-05,0.000351528288497851,TRUE,"up in treated"
"Gene0051",264.497667590056,1.1029834718883,0.300935289033474,1.46976648283938e-05,0.000363399762882037,TRUE,"up in treated"
"Gene0079",16.7713094745018,-1.46371564050213,0.402644081779196,1.51328765754961e-05,0.000365034510565016,TRUE,"down in treated"
"Gene0099",62.183980845453,-1.04836424730586,0.287610833306356,1.62025274721846e-05,0.000381530944523585,TRUE,"down in treated"
"Gene0092",45.648985584264,-1.21727204564095,0.343195954654146,2.01173888257772e-05,0.000462699942992875,TRUE,"down in treated"
"Gene0036",124.399367923957,1.25523370188466,0.363004798716825,2.12278030046176e-05,0.000477143117535609,TRUE,"up in treated"
"Gene0095",30.1521444989277,-1.33744189779803,0.384550476406722,2.33862669542884e-05,0.000513978178173138,TRUE,"down in treated"
"Gene0080",58.5330572237955,-1.07593080969872,0.308346220955109,2.83394980051306e-05,0.000609299207110307,TRUE,"down in treated"
"Gene0052",83.4277420899305,1.16264538913027,0.338924020855147,3.26518598086862e-05,0.000687078496825332,TRUE,"up in treated"
"Gene0067",63.9621371418203,-1.21493228856497,0.370643419280012,3.61038131835878e-05,0.000743888984136839,TRUE,"down in treated"
"Gene0025",367.265939488921,1.22891978184801,0.387161926744975,4.7069167778031e-05,0.000950028712907605,TRUE,"up in treated"
"Gene0047",115.401538116489,1.04565142232138,0.311082398330754,5.24634144482034e-05,0.00101737876253477,TRUE,"up in treated"
"Gene0060",88.6792190603333,1.02884111056233,0.306228903447354,5.20501728490485e-05,0.00101737876253477,TRUE,"up in treated"
"Gene0023",660.091362864679,1.11318828459288,0.343345366983724,5.66927369301437e-05,0.00107825224661369,TRUE,"up in treated"
"Gene0066",151.641474879112,-0.959666456124924,0.299890890350254,7.31363754369674e-05,0.00136475236428605,FALSE,"not significant"
"Gene0065",40.1451196425292,-1.03313221114007,0.324381373642673,9.72102319727439e-05,0.00178038739668599,TRUE,"down in treated"
"Gene0022",421.525901519791,1.09573310621592,0.357410456238511,0.000112739214988239,0.00202725606587942,TRUE,"up in treated"
"Gene0064",14.390669402893,-1.39311971597134,0.456645324210823,0.000115383599033754,0.00203775677579254,TRUE,"down in treated"
"Gene0007",197.761647564928,0.900624386901215,0.291323317731433,0.000153039749947275,0.00265537390697991,FALSE,"not significant"
"Gene0030",341.177669926131,0.810860926640069,0.260057966391777,0.000160091595796401,0.00272983772832139,FALSE,"not significant"
"Gene0056",199.271409768257,0.927711537031506,0.309829407771379,0.00019014687551064,0.00318737728610208,FALSE,"not significant"
"Gene0041",67.0628305337388,0.967317762620262,0.328110579045282,0.000218490055860145,0.0036014444207614,FALSE,"not significant"
"Gene0077",132.61546211635,-1.10690771019654,0.401545963025523,0.00023735300025024,0.00384823143028668,TRUE,"down in treated"
"Gene0076",37.1378019767538,-1.0060431491007,0.349958172084281,0.000243816245165742,0.00388926236240191,TRUE,"down in treated"
"Gene0020",42.5371946818944,1.08576385442946,0.386299724352496,0.000257144236222765,0.00403675634324309,TRUE,"up in treated"
"Gene0087",48.3725915495143,-1.0097425263673,0.383717502658573,0.000492025109194282,0.00748635127681761,TRUE,"down in treated"
"Gene0088",38.092157839386,-0.889246271148654,0.328956807339956,0.000486265481591989,0.00748635127681761,FALSE,"not significant"
"Gene0045",259.588305686665,0.898312176134551,0.343089511169339,0.00051634829514619,0.00773740096817548,FALSE,"not significant"
"Gene0055",36.5341224829755,0.919728967930594,0.349942134280805,0.000566947335598072,0.00836881962547005,FALSE,"not significant"
"Gene0091",213.332825429833,-0.805131768868606,0.297500427534667,0.00058389834781265,0.00849228626451045,FALSE,"not significant"
"Gene0050",201.902185039401,0.845982674495716,0.323597740143788,0.000688765599775984,0.00987230693012244,FALSE,"not significant"
"Gene0046",1854.94996351046,0.918838985249958,0.360130176420889,0.000726155899038999,0.010259545487851,FALSE,"not significant"
"Gene0001",15.9286093126547,1.05715688496405,0.430201618630762,0.000748650154944176,0.010428380327321,TRUE,"up in treated"
"Gene0089",184.072398737316,-0.674049325477811,0.256847503951228,0.000975562845050872,0.0134004396354904,FALSE,"not significant"
"Gene0063",20.2187307133879,-0.890708852192769,0.375439584623355,0.00122957468860651,0.0166582105072854,FALSE,"not significant"
"Gene0048",71.4795590760886,0.90302424424331,0.392296091722033,0.00130722891445963,0.017470937789197,FALSE,"not significant"
"Gene0094",85.2741417211655,-0.715369676618986,0.318294116321044,0.00195764668096924,0.0258148342330477,FALSE,"not significant"
"Gene0430",44.2913619506801,0.702316725428891,0.32359658155805,0.00285553982240429,0.0371595905836558,FALSE,"not significant"
"Gene0240",78.4406443018152,-0.672037301994239,0.315895249443336,0.00317677299120294,0.0405554579145039,FALSE,"not significant"
"Gene0725",36.8495863818297,0.709655036091485,0.346143798022218,0.00319850931984965,0.0405554579145039,FALSE,"not significant"
"Gene0033",15.7209026007235,0.813591039039751,0.414577988971545,0.00330517596060943,0.0413774560131991,FALSE,"not significant"
"Gene0029",35.7473415727333,0.735946073266962,0.358078546381677,0.00336714393104325,0.0416263168475222,FALSE,"not significant"
"Gene0024",43.190320893636,0.785076903136552,0.418138468687024,0.00378390237144774,0.046200980806936,FALSE,"not significant"
"Gene0084",124.347477423945,-0.676203558759524,0.344342150091052,0.00399407141623074,0.0478636945320093,FALSE,"not significant"
"Gene0096",16.180727263945,-0.756025873843961,0.388704761969358,0.00401687224080563,0.0478636945320093,FALSE,"not significant"
"Gene0072",27.9122451292009,-0.729378189236912,0.387017854953994,0.00429878057527497,0.0506130236779398,FALSE,"not significant"
"Gene0071",110.145296671109,-0.640334837345495,0.333688519118283,0.00497310171866778,0.0578635011736757,FALSE,"not significant"
"Gene0848",44.4460541136983,0.58665233671609,0.304608296136203,0.00676846849335302,0.0778373876735597,FALSE,"not significant"
"Gene0032",189.064696990589,0.655523207670893,0.384214910782718,0.0070108835725319,0.0796984350946442,FALSE,"not significant"
"Gene0031",561.522547018071,0.620416195413948,0.393903949686506,0.00758961854477157,0.0852969629633987,FALSE,"not significant"
"Gene0019",63.7793324358623,0.608293752587175,0.345795906648745,0.00823921770325267,0.0915571495338977,FALSE,"not significant"
"Gene0827",93.3937454795374,-0.568857124733661,0.328308892391629,0.00860044389198855,0.0945093223241853,FALSE,"not significant"
"Gene0440",249.906854231172,-0.471690439901442,0.244480279105261,0.00964020619979083,0.104771032215309,FALSE,"not significant"
"Gene0082",137.11233816926,-0.474748236165744,0.247316262874635,0.0101603998756358,0.109224298663084,FALSE,"not significant"
"Gene0908",141.504221047669,0.539587158184217,0.309398676394361,0.010741096079678,0.114225204546253,FALSE,"not significant"
"Gene0134",102.480658201823,0.540188477183272,0.325940933022543,0.011699876017412,0.121801867170742,FALSE,"not significant"
"Gene0368",42.5986182243878,0.543497961294563,0.324694576613134,0.0116832958815238,0.121801867170742,FALSE,"not significant"
"Gene0061",10.301452825219,-0.651902171906422,0.469130663152371,0.0123795860479859,0.124956880337564,FALSE,"not significant"
"Gene0199",41.9509378610538,-0.561151194938251,0.354098462112624,0.0123819760091823,0.124956880337564,FALSE,"not significant"
"Gene0751",125.594983481564,-0.587681253586936,0.44429184333419,0.0123290635177461,0.124956880337564,FALSE,"not significant"
"Gene0228",402.853804234105,0.561524280854524,0.385172957817039,0.0126514926882413,0.125306402650634,FALSE,"not significant"
"Gene0349",411.5828108757,-0.559255714243435,0.395030592373701,0.0127051251143648,0.125306402650634,FALSE,"not significant"
"Gene0778",49.6021647943442,0.525202216504038,0.312368892226056,0.0127967104830273,0.125306402650634,FALSE,"not significant"
"Gene0222",113.521514362166,-0.483031255337749,0.279329562066089,0.0135117840608041,0.131011318001326,FALSE,"not significant"
"Gene0471",702.801697717938,-0.445135912676087,0.242156386906847,0.0138203257564619,0.132701962846028,FALSE,"not significant"
"Gene0081",88.6870269102603,-0.556177015394375,0.388109471208116,0.0154102282446198,0.146545343595471,FALSE,"not significant"
"Gene0152",152.10720172977,-0.438909096861504,0.245874824878052,0.0155683070739938,0.146638625677903,FALSE,"not significant"
"Gene0279",52.1976844114439,0.543669844321041,0.372832227204818,0.0161370974938061,0.150562164352587,FALSE,"not significant"
"Gene0656",49.2711949831676,0.447672488013814,0.259389416805315,0.01684025447069,0.155654314687032,FALSE,"not significant"
"Gene0009",558.567904739466,0.460306578858489,0.282080754980597,0.0171539930608872,0.157086103122384,FALSE,"not significant"
"Gene0579",13.7200623614184,0.560858451363005,0.423478395925741,0.0174647148604647,0.158464247678896,FALSE,"not significant"
"Gene0746",33.2221533162881,-0.473310244968908,0.305422747497715,0.0195116590448277,0.17542755268486,FALSE,"not significant"
"Gene0757",75.6398322871876,-0.46832153201795,0.320283476332883,0.0213210730922626,0.189968840434664,FALSE,"not significant"
"Gene0139",231.469205917893,-0.380020077145471,0.217721878413705,0.0224175606023801,0.19795506639066,FALSE,"not significant"
"Gene0166",26.8915262861594,-0.486763342149514,0.375928967735014,0.0234795180503362,0.203919297669589,FALSE,"not significant"
"Gene0871",197.667375554252,-0.402907990363007,0.244079714198167,0.0235053588820356,0.203919297669589,FALSE,"not significant"
"Gene0013",54.4309067882474,0.438515805140442,0.287902621087033,0.0238724415290308,0.204329295104913,FALSE,"not significant"
"Gene0193",186.854078979901,-0.419674928862746,0.274957531453307,0.0239658222772193,0.204329295104913,FALSE,"not significant"
"Gene0266",177.765673142207,-0.405428673610676,0.253410336602257,0.0247983002975005,0.209619820463487,FALSE,"not significant"
"Gene0028",78.9222507952517,0.431914253427794,0.325908589871257,0.0307307998532152,0.2575657716511,FALSE,"not significant"
"Gene0255",22.7126274921955,-0.422109100598795,0.308138526385029,0.0325633413836961,0.27063146746618,FALSE,"not significant"
"Gene0044",36.4438663242996,0.432484805271519,0.371389386945484,0.0335702026696124,0.276273646459743,FALSE,"not significant"
"Gene0448",45.5932604301109,0.429072843814127,0.371999654063981,0.0338009213565509,0.276273646459743,FALSE,"not significant"
"Gene0652",282.147639151518,-0.395811099201219,0.299608823987543,0.0343824584437304,0.27872337213811,FALSE,"not significant"
"Gene0529",164.202610216425,0.391048593724594,0.278913718127484,0.0349329490522016,0.279815148174203,FALSE,"not significant"
"Gene0532",56.6995386683223,-0.383329229988475,0.262411180839455,0.035212843973272,0.279815148174203,FALSE,"not significant"
"Gene0603",46.1704169955656,0.428100616349819,0.349461631766332,0.0353659186266687,0.279815148174203,FALSE,"not significant"
"Gene0741",24.6913182410434,0.427980729047104,0.390409939867764,0.0361669337210731,0.283881725794772,FALSE,"not significant"
"Gene0304",316.210006852043,-0.386529230314132,0.303398636264418,0.038268272116076,0.298007253055093,FALSE,"not significant"
"Gene0422",83.9409530487285,-0.378097380009299,0.269385832846942,0.03856918947528,0.298007253055093,FALSE,"not significant"
"Gene0027",59.6269901188416,0.378976053666302,0.284908972924307,0.0401606899599145,0.306737747143166,FALSE,"not significant"
"Gene0885",199.758941593378,0.362493171286798,0.249655905976519,0.0403194207569379,0.306737747143166,FALSE,"not significant"
"Gene0653",96.5600911353313,0.356435046533702,0.245186417643095,0.0410898502212215,0.309428234488436,FALSE,"not significant"
"Gene0720",86.7465426256386,0.38366622551436,0.2894064259533,0.0412988139054334,0.309428234488436,FALSE,"not significant"
"Gene0815",538.546473622203,-0.370439044313846,0.294893216561496,0.0437863935323928,0.325599572958921,FALSE,"not significant"
"Gene0747",15.3737222485519,-0.396800642101638,0.368978412306805,0.0445564925033221,0.328853515565564,FALSE,"not significant"
"Gene0648",43.8517544404176,0.386192658184132,0.330870407237632,0.0451372358478031,0.330672046322054,FALSE,"not significant"
"Gene0276",11.2819037472812,-0.390154153597578,0.37430263667546,0.0487873001937735,0.354784116850309,FALSE,"not significant"
"Gene0372",93.1657083073991,-0.338298546306856,0.242604494871374,0.0491612188595359,0.354893762423949,FALSE,"not significant"
"Gene0287",346.743042703857,0.339858754547978,0.247987121875534,0.0499917985657962,0.358274556388206,FALSE,"not significant"
"Gene0237",40.1105043947697,0.370566155380244,0.323284185496719,0.0505048748654783,0.35934763483423,FALSE,"not significant"
"Gene0016",39.9418031408096,0.379818131166739,0.357078056815674,0.0510948148956375,0.360948370941325,FALSE,"not significant"
"Gene0437",81.6420919319494,0.340683500798851,0.25970927131776,0.0516328500548702,0.362162331235933,FALSE,"not significant"
"Gene0348",145.969263415447,-0.334699326640759,0.247378040725248,0.0533496096884316,0.366408083207353,FALSE,"not significant"
"Gene0388",238.345942054731,-0.343114686954804,0.296810330161779,0.0531953090481137,0.366408083207353,FALSE,"not significant"
"Gene0499",70.4763719317013,0.326861340369495,0.232981681733499,0.0527418517649933,0.366408083207353,FALSE,"not significant"
"Gene0408",355.147396442451,0.355204384829572,0.32650524649166,0.0568283809572787,0.387608750115508,FALSE,"not significant"
"Gene0561",62.4394050082549,-0.347509832778553,0.302381213733372,0.0580618991724099,0.393309714256941,FALSE,"not significant"
"Gene0387",102.412641819862,0.331666476023655,0.261409746098743,0.0588160151313313,0.395707748060453,FALSE,"not significant"
"Gene0204",25.390555379704,-0.345690895633097,0.317392899927352,0.0609210809831195,0.401672993948701,FALSE,"not significant"
"Gene0571",114.746981690712,0.332211282880362,0.279682562885845,0.0608385258465521,0.401672993948701,FALSE,"not significant"
"Gene0582",27.6304279180511,0.346651170058321,0.30143872235961,0.0603796771393993,0.401672993948701,FALSE,"not significant"
"Gene0683",93.6919766993569,-0.333272550963092,0.310667655294299,0.0635979666622981,0.416545622708694,FALSE,"not significant"
"Gene0696",99.5152583812443,-0.322473265980455,0.265174602777789,0.0645183876969857,0.417050231583784,FALSE,"not significant"
"Gene0832",17.6205866362942,-0.332470654255574,0.365030256276072,0.0641566000146146,0.417050231583784,FALSE,"not significant"
"Gene0011",117.814191538095,0.317835858638212,0.265868117709962,0.0653603743592588,0.419749417151344,FALSE,"not significant"
"Gene0575",465.497659613179,0.300523493567415,0.224187394333908,0.0674071810652545,0.430101303700237,FALSE,"not significant"
"Gene0068",22.0850706367721,-0.331703319751972,0.294892361970207,0.0687124538443753,0.4340114092101,FALSE,"not significant"
"Gene0113",109.893766785733,-0.327763178255153,0.304508479316519,0.0697753428355974,0.4340114092101,FALSE,"not significant"
"Gene0564",217.156569059874,0.324809257791871,0.318500308884916,0.0690484425880106,0.4340114092101,FALSE,"not significant"
"Gene0907",23.9209657962776,0.332903933572814,0.307308500901873,0.0696942934805183,0.4340114092101,FALSE,"not significant"
"Gene0816",105.168208732157,0.328657112282292,0.318625436339952,0.0713141055104041,0.440810314686185,FALSE,"not significant"
"Gene0446",286.555170548336,0.321762083351637,0.293800561498062,0.0721272935804329,0.443067660565516,FALSE,"not significant"
"Gene0194",120.364668910027,0.304759551760791,0.359888160427989,0.0728435538340639,0.444705399641292,FALSE,"not significant"
"Gene0923",81.7392075799538,0.313043355126544,0.269242569112608,0.0733733241746793,0.445191519072134,FALSE,"not significant"
"Gene0159",81.7792065617706,0.311718268980053,0.285920664889995,0.0762937793015474,0.446476613782429,FALSE,"not significant"
"Gene0378",65.4500920942396,-0.316561574062147,0.28067327138216,0.0745375302904827,0.446476613782429,FALSE,"not significant"
"Gene0583",7.64208003033633,-0.283344229026429,0.393592750038757,0.0748790238401173,0.446476613782429,FALSE,"not significant"
"Gene0624",92.7085535642161,-0.316756404321352,0.298191533838217,0.0754478530280755,0.446476613782429,FALSE,"not significant"
"Gene0892",39.4795366987042,-0.314061950598682,0.319249742003635,0.0761467841586831,0.446476613782429,FALSE,"not significant"
"Gene0952",38.8886287090957,0.318688562927409,0.307782604186192,0.0754300122440699,0.446476613782429,FALSE,"not significant"
"Gene0147",73.1886455011462,-0.2975449410757,0.328686718819996,0.0774318811865382,0.450471355844037,FALSE,"not significant"
"Gene0695",41.5559041307767,-0.30675465521524,0.266026249141383,0.0781478552479365,0.451977946433972,FALSE,"not significant"
"Gene0103",32.6412285995041,0.313543531834078,0.318146368633911,0.0802638101700939,0.459509287500236,FALSE,"not significant"
"Gene0795",33.2940673696701,0.308705758673427,0.28557714749692,0.0806867759508095,0.459509287500236,FALSE,"not significant"
"Gene0958",36.4478919339577,-0.307694513144683,0.281039042197806,0.080843898913085,0.459509287500236,FALSE,"not significant"
"Gene0359",51.7476948139508,0.310230197576146,0.304948398478744,0.0822940667386336,0.463384678316503,FALSE,"not significant"
"Gene0921",262.658722715488,0.305126164324423,0.289199337550296,0.0824627941190137,0.463384678316503,FALSE,"not significant"
"Gene0227",207.69486296428,-0.301908031892797,0.275221684890303,0.0842903079295994,0.46351320395059,FALSE,"not significant"
"Gene0712",24.7648511209105,0.307891329669052,0.291263737270244,0.0838727835163143,0.46351320395059,FALSE,"not significant"
"Gene0904",104.729328532613,0.299218138583476,0.268090772486094,0.0842405454310182,0.46351320395059,FALSE,"not significant"
"Gene0912",82.52734595956,0.297689379911939,0.262521789838556,0.0843603404561235,0.46351320395059,FALSE,"not significant"
"Gene0315",85.7908370561103,0.298043550022916,0.270341812650322,0.0854051836031869,0.466661472837303,FALSE,"not significant"
"Gene0534",99.2893992129538,-0.299512555519113,0.275594160694461,0.0859406812746835,0.467007328465176,FALSE,"not significant"
"Gene0667",258.927310117497,-0.2895852813484,0.258755959183221,0.0872252658345696,0.471397748144204,FALSE,"not significant"
"Gene0157",238.95704957776,-0.278828389293499,0.23074282290421,0.0892966379939586,0.477374999870406,FALSE,"not significant"
"Gene0198",153.837115712316,0.280979087295982,0.235879024886311,0.0890676382309461,0.477374999870406,FALSE,"not significant"
"Gene0301",19.668046351329,-0.293661873357276,0.306348794938347,0.0942950784914721,0.496052301213117,FALSE,"not significant"
"Gene0879",151.207999197142,0.281785205437928,0.266976045210669,0.0941131055086137,0.496052301213117,FALSE,"not significant"
"Gene0985",33.4109257909566,0.291459223337849,0.296371885189174,0.0938559422858067,0.496052301213117,FALSE,"not significant"
"Gene0168",48.5649950256972,0.285108251685867,0.281883642237977,0.0994779753622258,0.517809040174955,FALSE,"not significant"
"Gene0281",9.18484366289288,0.276981487519612,0.341053097273848,0.0993889830252181,0.517809040174955,FALSE,"not significant"
"Gene0651",110.067402854824,0.278888805117066,0.255188074725472,0.100308315828533,0.519397509709002,FALSE,"not significant"
"Gene0125",5.2806635737656,0.225528383318413,0.355636662142892,0.102761414684905,0.52387133568748,FALSE,"not significant"
"Gene0640",321.090171447058,-0.273727814379209,0.278564974503048,0.102484818329718,0.52387133568748,FALSE,"not significant"
"Gene0822",56.1133113273885,-0.28403380494919,0.290786270299292,0.101895579440175,0.52387133568748,FALSE,"not significant"
"Gene0585",33.0690777186093,-0.276067337638403,0.285311704910677,0.106750628612395,0.541417290757224,FALSE,"not significant"
"Gene0649",86.6436721522635,-0.268470663439079,0.276783535393648,0.112247521117611,0.563516743072677,FALSE,"not significant"
"Gene0909",97.1233473418832,-0.270871927966867,0.281828946978595,0.111754990868851,0.563516743072677,FALSE,"not significant"
"Gene0733",81.2967477502711,-0.25502170186179,0.296553832671102,0.11353344547851,0.567093826152759,FALSE,"not significant"
"Gene0037",92.3968131545726,0.26415867611747,0.265310156495063,0.117370468790938,0.57750942106586,FALSE,"not significant"
"Gene0439",68.0481704690856,0.256728581259127,0.248588605181341,0.11730788448281,0.57750942106586,FALSE,"not significant"
"Gene0754",624.814394792396,0.26177607195144,0.246887706428892,0.117221076281812,0.57750942106586,FALSE,"not significant"
"Gene0793",33.7838838990488,0.262092029000265,0.264811493557213,0.118007679952782,0.577770274620304,FALSE,"not significant"
"Gene0940",79.7705681873665,0.264145087417005,0.298266514358356,0.118926229513116,0.57939921669198,FALSE,"not significant"
"Gene0538",148.456308516502,0.244093483751325,0.216286957293741,0.122877835364939,0.587331459213333,FALSE,"not significant"
"Gene0560",131.863443009107,0.239780741383213,0.208154007711313,0.12260831282045,0.587331459213333,FALSE,"not significant"
"Gene0799",24.1731557005459,-0.2598935355654,0.268368778886086,0.122929840300465,0.587331459213333,FALSE,"not significant"
"Gene0802",44.0582373151395,-0.257255468197548,0.253300018223656,0.121536667374461,0.587331459213333,FALSE,"not significant"
"Gene0376",47.0839469212732,-0.251726850329799,0.310173964131569,0.126033097119557,0.59926313966943,FALSE,"not significant"
"Gene0191",241.735468114017,-0.238878280231972,0.298617070964979,0.127403233250427,0.602879414759196,FALSE,"not significant"
"Gene0109",283.987569461093,-0.24395985132728,0.242403838937883,0.130602346971605,0.613931428912087,FALSE,"not significant"
"Gene0244",59.5391106430725,-0.246364704415948,0.24509277415347,0.131916001594205,0.613931428912087,FALSE,"not significant"
"Gene0332",292.478475283346,-0.248614813994841,0.265358103752053,0.133589561381729,0.613931428912087,FALSE,"not significant"
"Gene0337",27.1823189341423,0.249995022354795,0.254017978536855,0.131569003875006,0.613931428912087,FALSE,"not significant"
"Gene0685",229.077345549711,-0.242205855266359,0.234350026889147,0.134084113897888,0.613931428912087,FALSE,"not significant"
"Gene0955",86.4721474982243,-0.23732239086608,0.219613541155411,0.132714813360654,0.613931428912087,FALSE,"not significant"
"Gene0969",25.9243558862153,-0.249858866415906,0.280914160903808,0.1328955299175,0.613931428912087,FALSE,"not significant"
"Gene0436",21.5188714958388,0.249406958121168,0.276843711836945,0.13594079145688,0.619564252308086,FALSE,"not significant"
"Gene0792",35.5591087723634,0.244907082997243,0.290825144243423,0.138019234037563,0.62615147918876,FALSE,"not significant"
"Gene0723",27.0305834110909,0.156179245960012,0.316606406232986,0.140668955284455,0.635258432768613,FALSE,"not significant"
"Gene0808",128.884149624698,-0.228770703632035,0.21571689192778,0.141897912329344,0.637481123719408,FALSE,"not significant"
"Gene0959",530.688493302928,0.238847934888103,0.252755221100234,0.142450281437805,0.637481123719408,FALSE,"not significant"
"Gene0657",536.442898142687,-0.222453364997172,0.208027791119365,0.146971346019954,0.654750726187995,FALSE,"not significant"
"Gene0257",35.2814986471551,0.23636581543707,0.269645175726458,0.149911275935011,0.656338274499611,FALSE,"not significant"
"Gene0590",53.7709525486056,-0.235217977494521,0.256305619383953,0.150645893135907,0.656338274499611,FALSE,"not significant"
"Gene0826",64.4494466283689,-0.234047105017697,0.269000153675932,0.150007395623466,0.656338274499611,FALSE,"not significant"
"Gene0830",247.660608215233,0.235494559358612,0.258139852017732,0.14979627956034,0.656338274499611,FALSE,"not significant"
"Gene0961",25.9412184781774,-0.236004145464516,0.280489898512513,0.148388136561811,0.656338274499611,FALSE,"not significant"
"Gene0633",1670.84004375844,0.22520084294891,0.2287461918129,0.15446062995561,0.667212717629137,FALSE,"not significant"
"Gene0806",210.767763076598,-0.23066836827356,0.263002388236298,0.154491114597646,0.667212717629137,FALSE,"not significant"
"Gene0515",20.4272490648717,-0.217293783574047,0.303910540984955,0.157212804043112,0.676015057385381,FALSE,"not significant"
"Gene0177",170.551884855091,0.22649831883296,0.243413263030777,0.158323730897946,0.67784489116047,FALSE,"not significant"
"Gene0665",30.1111400857245,0.230216378544036,0.27824121742224,0.159242349188577,0.678768233247512,FALSE,"not significant"
"Gene0731",27.0080463147622,-0.229290168950161,0.255941169807402,0.159912030684196,0.678768233247512,FALSE,"not significant"
"Gene0314",14.3772992841901,-0.220882671245856,0.294864699314407,0.16131749943409,0.678773488809047,FALSE,"not significant"
"Gene0458",61.7904039776372,-0.226354044272666,0.255638365901123,0.161972237976679,0.678773488809047,FALSE,"not significant"
"Gene0797",21.8446775430147,-0.228091536219982,0.259255085746434,0.160638655511339,0.678773488809047,FALSE,"not significant"
"Gene0927",60.1380999081764,0.22321423548319,0.241642688927848,0.163040629424296,0.680367858652441,FALSE,"not significant"
"Gene0390",77.4518172352398,-0.225201643523835,0.256793008300873,0.165257104574428,0.683846344870751,FALSE,"not significant"
"Gene0942",287.553806810219,-0.222363189832496,0.281391300175596,0.165117314382969,0.683846344870751,FALSE,"not significant"
"Gene0261",35.8335471598064,0.223373226061512,0.238983233890882,0.166510333477069,0.686161332536756,FALSE,"not significant"
"Gene0253",57.1214759502198,-0.220596457075529,0.249185370754533,0.168303966956167,0.687944133091697,FALSE,"not significant"
"Gene0426",61.9898755793786,0.216796346046844,0.225233577259475,0.168334155923348,0.687944133091697,FALSE,"not significant"
"Gene0247",21.858426901543,-0.210784424369045,0.277501074913428,0.176382826104976,0.69499049807897,FALSE,"not significant"
"Gene0288",42.867763718726,-0.218313134058193,0.252552792075162,0.175877877112164,0.69499049807897,FALSE,"not significant"
"Gene0459",61.2858941294061,0.211445449551953,0.291758675732397,0.175360111486273,0.69499049807897,FALSE,"not significant"
"Gene0570",211.331616984859,-0.207814650436411,0.213314934462279,0.175798360760478,0.69499049807897,FALSE,"not significant"
"Gene0592",50.1756095822475,-0.212956954818261,0.286732039042233,0.176325631511553,0.69499049807897,FALSE,"not significant"
"Gene0697",388.029086307038,0.211378652234603,0.216806324197896,0.174080129622735,0.69499049807897,FALSE,"not significant"
"Gene0705",54.590763985586,0.211044457418009,0.266064533102484,0.173499714144949,0.69499049807897,FALSE,"not significant"
"Gene0771",12.8521586641266,-0.207806884354084,0.29588915776437,0.174865711207727,0.69499049807897,FALSE,"not significant"
"Gene0866",44.6766243467618,-0.214833723239645,0.275568392579578,0.173288707472209,0.69499049807897,FALSE,"not significant"
"Gene0245",105.405665177622,0.197418522901815,0.281871538089664,0.178612755711135,0.698213499598075,FALSE,"not significant"
"Gene0674",19.8617263678721,-0.211986838487902,0.287403234410702,0.178074476393251,0.698213499598075,FALSE,"not significant"
"Gene0411",162.029858873274,-0.210169360681241,0.230586011536084,0.182822757393098,0.711857114416435,FALSE,"not significant"
"Gene0234",30.4260541348831,-0.208130352863605,0.25640059996711,0.192168402502044,0.742400586228598,FALSE,"not significant"
"Gene0911",49.5634005019876,0.203567509828917,0.264692293439804,0.191625087007383,0.742400586228598,FALSE,"not significant"
"Gene0112",22.011710158628,0.196193929656563,0.273938840997658,0.202039357470239,0.742813845866417,FALSE,"not significant"
"Gene0343",105.289255146846,0.20520949526295,0.238835309405654,0.194629690366777,0.742813845866417,FALSE,"not significant"
"Gene0404",100.142989286658,-0.198346010046358,0.230054973134805,0.199159759448439,0.742813845866417,FALSE,"not significant"
"Gene0442",330.563925739647,-0.202207910441583,0.220624281454677,0.196040974889975,0.742813845866417,FALSE,"not significant"
"Gene0479",194.969616501942,0.193881151737547,0.270727585238149,0.199298348701501,0.742813845866417,FALSE,"not significant"
"Gene0506",76.751305979099,-0.204909104000211,0.259679640399694,0.193653166577852,0.742813845866417,FALSE,"not significant"
"Gene0563",72.6341815944837,-0.198546593742979,0.223113886163135,0.201889690098379,0.742813845866417,FALSE,"not significant"
"Gene0566",352.048673451745,-0.202091682706631,0.250211638050897,0.194603286150376,0.742813845866417,FALSE,"not significant"
"Gene0729",157.177649567569,-0.202365166174569,0.242884259983746,0.200163014689373,0.742813845866417,FALSE,"not significant"
"Gene0753",48.4149670309001,0.202147756476777,0.235290180158322,0.199745178448122,0.742813845866417,FALSE,"not significant"
"Gene0814",114.536456839484,-0.196084280917322,0.267092237210229,0.197017787848338,0.742813845866417,FALSE,"not significant"
"Gene0828",40.2116653145557,0.20177593473485,0.238660758994434,0.20158649666053,0.742813845866417,FALSE,"not significant"
"Gene0976",43.9178319322025,-0.202515771131789,0.235877474887306,0.197526785167422,0.742813845866417,FALSE,"not significant"
"Gene0726",64.1560425381216,-0.197719781297983,0.243294006732113,0.205056313033088,0.75111367996194,FALSE,"not significant"
"Gene0755",44.0278211618484,0.192892082212942,0.279313285844362,0.206792168671006,0.754676955039206,FALSE,"not significant"
"Gene0444",69.2632638726322,0.197383839493102,0.245163156962289,0.208515578166259,0.755391600023555,FALSE,"not significant"
"Gene0979",292.033445027591,0.195457435965048,0.23984195741535,0.207949192216915,0.755391600023555,FALSE,"not significant"
"Gene0127",98.0654663872366,-0.195385119676275,0.242753247907678,0.210472262492475,0.759697327025758,FALSE,"not significant"
"Gene0693",579.033237144584,0.193446065603241,0.227418837652025,0.212507811676401,0.76425536635622,FALSE,"not significant"
"Gene0323",317.055787101736,-0.188870358778892,0.221220402662228,0.217119810697553,0.772415441654244,FALSE,"not significant"
"Gene0490",19.7266927849048,-0.188873795960545,0.277939416472235,0.216567591522986,0.772415441654244,FALSE,"not significant"
"Gene0954",206.601623495062,0.194148861613329,0.240267556467149,0.216554539939162,0.772415441654244,FALSE,"not significant"
"Gene0188",55.5967410260256,0.190693924950816,0.242387343930463,0.218807916898605,0.775630931228387,FALSE,"not significant"
"Gene0203",18.7768011491749,-0.188360785952458,0.270605667232885,0.219800971116611,0.776368430122601,FALSE,"not significant"
"Gene0324",60.9028809748846,0.188640408388499,0.270888947483997,0.220657641412932,0.776620666752277,FALSE,"not significant"
"Gene0362",39.1356497647517,-0.174559924153967,0.277122567629057,0.223274317548927,0.783043617219465,FALSE,"not significant"
"Gene0146",173.048810547377,-0.177649667713911,0.192326957320803,0.225003021647912,0.784658607521609,FALSE,"not significant"
"Gene0865",28.91313022796,-0.190060588587582,0.242802948259659,0.225321581937449,0.784658607521609,FALSE,"not significant"
"Gene0760",75.7361315673926,0.188848008811944,0.241723384955415,0.229443008561489,0.796207492867765,FALSE,"not significant"
"Gene0707",40.0197586258508,0.187542440188331,0.24497512529991,0.230421530034714,0.796807318896267,FALSE,"not significant"
"Gene0331",35.9810820573244,-0.185333943559994,0.226729683437371,0.231278567419849,0.796984331631467,FALSE,"not significant"
"Gene0569",58.8156822649926,-0.181820718165855,0.212348152697688,0.232942289351039,0.799930292250617,FALSE,"not significant"
"Gene0862",1176.80842180349,-0.180820016551115,0.213084406324281,0.234842020566542,0.803663523668892,FALSE,"not significant"
"Gene0484",99.6953850285244,0.180369376930271,0.249569954131849,0.240434154925023,0.815284344416386,FALSE,"not significant"
"Gene0647",49.0430670675683,0.179838349927737,0.215037953198645,0.240710847896446,0.815284344416386,FALSE,"not significant"
"Gene0930",208.63969757014,0.179744629441475,0.213372712444018,0.239865344041122,0.815284344416386,FALSE,"not significant"
"Gene0128",112.896226916854,0.173868639725893,0.200082298132869,0.243369684806433,0.819379749022517,FALSE,"not significant"
"Gene0338",116.813414154249,0.173450524823129,0.199903941265462,0.243576993137128,0.819379749022517,FALSE,"not significant"
"Gene0600",73.9588632304872,0.176309463866617,0.246446326009151,0.252633559873752,0.846964714288614,FALSE,"not significant"
"Gene0214",158.537932570372,-0.169790083203843,0.23027641619859,0.257890736691754,0.847135836116991,FALSE,"not significant"
"Gene0485",146.498729333903,0.172738880517295,0.211759008256109,0.256603912979382,0.847135836116991,FALSE,"not significant"
"Gene0531",56.8928913599004,-0.171368732060189,0.248029221494712,0.255125988123158,0.847135836116991,FALSE,"not significant"
"Gene0765",197.106288966483,0.173051266556981,0.228404822291291,0.25722477525662,0.847135836116991,FALSE,"not significant"
"Gene0783",17.8935878428701,-0.164577176289567,0.269290146511937,0.258680508096392,0.847135836116991,FALSE,"not significant"
"Gene0859",100.179116659159,-0.174513545554638,0.232268355463129,0.257587532420647,0.847135836116991,FALSE,"not significant"
"Gene0869",55.5181724769573,-0.164074883832833,0.269324447144936,0.253942284729221,0.847135836116991,FALSE,"not significant"
"Gene0434",180.908769764307,-0.169537418117572,0.213809064785072,0.261126864497093,0.849521279564555,FALSE,"not significant"
"Gene0837",34.5695503019499,0.174143737703226,0.2450984738378,0.260809176635075,0.849521279564555,FALSE,"not significant"
"Gene0246",298.822751725001,-0.167766534113066,0.212568402334097,0.266258485659546,0.854966371160037,FALSE,"not significant"
"Gene0369",322.317999511767,0.169043026090342,0.218372821112733,0.265332099674824,0.854966371160037,FALSE,"not significant"
"Gene0551",41.7763830667664,-0.168931110225998,0.243485893794899,0.265853804095152,0.854966371160037,FALSE,"not significant"
"Gene0642",69.4105925535104,0.17173982952205,0.227622206870329,0.265862950164375,0.854966371160037,FALSE,"not significant"
"Gene0106",43.704656967565,-0.165819687507836,0.246100626895794,0.270307356631686,0.85557649742468,FALSE,"not significant"
"Gene0205",26.2874209082864,-0.168990664460863,0.250091898347799,0.269240815519036,0.85557649742468,FALSE,"not significant"
"Gene0260",17.7404315104011,-0.162360838774417,0.267126721790086,0.267612513624247,0.85557649742468,FALSE,"not significant"
"Gene0576",32.2438183107828,0.161909051974432,0.267185220915485,0.269572322658641,0.85557649742468,FALSE,"not significant"
"Gene0903",36.1849208851071,-0.167993561822364,0.240060115177424,0.270773957223382,0.85557649742468,FALSE,"not significant"
"Gene0438",239.856454827181,0.166425424708245,0.237703317018557,0.272751640864192,0.859080805142311,FALSE,"not significant"
"Gene0395",7.94705214476579,0.151637400971232,0.277863488248625,0.275709551358032,0.86462483608927,FALSE,"not significant"
"Gene0398",182.780999634566,-0.160548473650656,0.24920338115609,0.276260311632163,0.86462483608927,FALSE,"not significant"
"Gene0477",211.16383085857,-0.165165974214434,0.241733782225955,0.278120321809906,0.864971692672946,FALSE,"not significant"
"Gene0938",49.7106508985565,-0.166172023976014,0.232779802104451,0.277887220362171,0.864971692672946,FALSE,"not significant"
"Gene0140",231.473529169858,-0.160623009557865,0.221203944746945,0.279614272819573,0.866891899117735,FALSE,"not significant"
"Gene0161",130.060928370187,-0.163289254491163,0.229473049671242,0.283264736659254,0.870027405453424,FALSE,"not significant"
"Gene0307",42.1221909295171,0.162789692068282,0.233209112691547,0.281696047580792,0.870027405453424,FALSE,"not significant"
"Gene0358",79.9602441099767,0.164608971203837,0.238657418349162,0.282424740055309,0.870027405453424,FALSE,"not significant"
"Gene0219",142.910450165637,0.153100814507584,0.251227006526169,0.290217935833385,0.876434792573643,FALSE,"not significant"
"Gene0424",182.182809036901,-0.158910380755539,0.21442610368943,0.290438525668212,0.876434792573643,FALSE,"not significant"
"Gene0523",42.4301934050232,0.156360697520889,0.256420792965091,0.290359472982032,0.876434792573643,FALSE,"not significant"
"Gene0573",15.1881968101895,-0.149341353734031,0.270770289766754,0.290667959518862,0.876434792573643,FALSE,"not significant"
"Gene0589",112.650554471227,0.160209951079298,0.214603875074925,0.289826317278313,0.876434792573643,FALSE,"not significant"
"Gene0847",86.629167897538,0.161691821547586,0.236487741853224,0.288994943531105,0.876434792573643,FALSE,"not significant"
"Gene0894",81.3560810840289,-0.159550453858745,0.243146002089261,0.292323413191888,0.878747281601146,FALSE,"not significant"
"Gene0107",212.412826011703,-0.157712586270549,0.221135068660404,0.297835231021733,0.879280726807445,FALSE,"not significant"
"Gene0142",93.9941632045175,0.15004133190056,0.26102145807726,0.296952235118184,0.879280726807445,FALSE,"not significant"
"Gene0153",79.0888564436842,-0.146459066939666,0.266429332792808,0.29635664585773,0.879280726807445,FALSE,"not significant"
"Gene0181",159.332636789109,-0.159641228086585,0.21571012828646,0.295175628707846,0.879280726807445,FALSE,"not significant"
"Gene0317",75.969928216808,-0.118529301309358,0.287413500119708,0.296131539001624,0.879280726807445,FALSE,"not significant"
"Gene0500",106.434347862268,0.157633243267569,0.219836782442911,0.294695497643499,0.879280726807445,FALSE,"not significant"
"Gene0213",33.6451507363358,-0.147420044945654,0.261340099914976,0.299329495221964,0.881062115400365,FALSE,"not significant"
"Gene0170",17.3600161643211,0.154985159960305,0.251132921788607,0.301915766063221,0.886037663609869,FALSE,"not significant"
"Gene0396",75.0428892021567,0.15576588762668,0.216145441795209,0.303749071759219,0.888780567958187,FALSE,"not significant"
"Gene0114",21.4462666962766,0.143163297355397,0.251880360042689,0.330466061589001,0.889487799403224,FALSE,"not significant"
"Gene0136",338.267732648728,0.142006065285173,0.190861070431047,0.3319700195533,0.889487799403224,FALSE,"not significant"
"Gene0151",372.047349632205,-0.151211582142308,0.225622006684949,0.306031955053894,0.889487799403224,FALSE,"not significant"
"Gene0167",45.2971664388661,0.155586174757121,0.225223578319616,0.307191197464005,0.889487799403224,FALSE,"not significant"
"Gene0176",26.8337236675067,0.140101070855079,0.263726909327751,0.312985622718826,0.889487799403224,FALSE,"not significant"
"Gene0211",123.170782563745,0.151060575847032,0.240406943377436,0.31100237790119,0.889487799403224,FALSE,"not significant"
"Gene0226",97.8069976823153,0.134624557736903,0.258623357440867,0.327818619508366,0.889487799403224,FALSE,"not significant"
"Gene0243",88.5246238556914,-0.139958810880336,0.256584832638618,0.332638239711109,0.889487799403224,FALSE,"not significant"
"Gene0250",15.1522110365438,0.149529499496748,0.249167804443862,0.317927820052296,0.889487799403224,FALSE,"not significant"
"Gene0258",499.912381374115,0.146340880800017,0.215208453535112,0.330968961771518,0.889487799403224,FALSE,"not significant"
"Gene0262",18.6320708850355,-0.148525685516934,0.244560864973402,0.322197459040974,0.889487799403224,FALSE,"not significant"
"Gene0270",84.8611608468781,-0.146118360347942,0.233210724349099,0.329661498469655,0.889487799403224,FALSE,"not significant"
"Gene0283",33.5636528969082,0.152805430420779,0.23753688211021,0.309736746319039,0.889487799403224,FALSE,"not significant"
"Gene0290",156.746275192932,-0.150489491357394,0.224976668521053,0.31947241758693,0.889487799403224,FALSE,"not significant"
"Gene0413",127.332713422234,-0.140139214676952,0.25521429120078,0.335117311884802,0.889487799403224,FALSE,"not significant"
"Gene0433",32.3657217714865,0.147862258341855,0.247545971916191,0.320013018835366,0.889487799403224,FALSE,"not significant"
"Gene0441",30.8135896741222,0.150018875031881,0.224704958728363,0.322689837099843,0.889487799403224,FALSE,"not significant"
"Gene0449",164.725914537408,0.144627938051544,0.231917455312327,0.335469109380589,0.889487799403224,FALSE,"not significant"
"Gene0460",77.4658219433442,-0.151408073989531,0.210279337647248,0.311268401885904,0.889487799403224,FALSE,"not significant"
"Gene0473",159.94631658234,-0.141831814151377,0.243956848581226,0.329222944944973,0.889487799403224,FALSE,"not significant"
"Gene0476",18.0585322077304,0.151725224481906,0.241407364087145,0.315061843468352,0.889487799403224,FALSE,"not significant"
"Gene0492",99.5493763326628,-0.150353487716348,0.212132672405196,0.313134602925833,0.889487799403224,FALSE,"not significant"
"Gene0554",128.693335565285,0.153538164916948,0.232799136473605,0.310129968677908,0.889487799403224,FALSE,"not significant"
"Gene0639",123.868297423298,0.1493446368474,0.237748811569465,0.321581708287638,0.889487799403224,FALSE,"not significant"
"Gene0680",13.4659425348009,-0.136677231092833,0.262121200943767,0.33528940070557,0.889487799403224,FALSE,"not significant"
"Gene0686",15.6055412875692,0.141828550124193,0.249637256074038,0.333222780610835,0.889487799403224,FALSE,"not significant"
"Gene0690",561.352684790943,-0.152479080948418,0.238836291261715,0.30527530458022,0.889487799403224,FALSE,"not significant"
"Gene0718",24.0399202496584,0.138919202576413,0.266719056371281,0.3209376735294,0.889487799403224,FALSE,"not significant"
"Gene0748",37.7750960693337,0.147063135310381,0.233402112309145,0.330404285749709,0.889487799403224,FALSE,"not significant"
"Gene0775",168.620372533507,-0.147197733432238,0.243025239556865,0.320182238922113,0.889487799403224,FALSE,"not significant"
"Gene0788",178.0854042887,-0.14871918366885,0.221862201480729,0.317593326253335,0.889487799403224,FALSE,"not significant"
"Gene0824",91.3233701896277,0.147183393617192,0.221161012292018,0.328873482637262,0.889487799403224,FALSE,"not significant"
"Gene0917",103.136128196221,0.147021602180084,0.23503637429108,0.329567360996789,0.889487799403224,FALSE,"not significant"
"Gene0945",783.898734273734,0.138107807299546,0.259442782299961,0.310242971871603,0.889487799403224,FALSE,"not significant"
"Gene0962",39.8098754110422,-0.143845802544917,0.243286457742941,0.335271842135626,0.889487799403224,FALSE,"not significant"
"Gene0101",106.81953365179,-0.141503793939454,0.222956103432463,0.338070143512146,0.893005405580611,FALSE,"not significant"
"Gene0179",31.7202622543983,-0.140879947774541,0.218271324242199,0.347336765212674,0.893005405580611,FALSE,"not significant"
"Gene0187",23.4905488895289,0.136235540339416,0.242016975888766,0.35324553187977,0.893005405580611,FALSE,"not significant"
"Gene0189",90.6821240310964,-0.13540438943377,0.225356087094095,0.354929315171017,0.893005405580611,FALSE,"not significant"
"Gene0229",8.58790030516873,0.127812161493009,0.263167586574213,0.355909690563877,0.893005405580611,FALSE,"not significant"
"Gene0238",182.215416805125,-0.136583886128957,0.247650493760992,0.34153312629074,0.893005405580611,FALSE,"not significant"
"Gene0268",63.1538845880002,-0.140274164325817,0.214147091982715,0.348475371896086,0.893005405580611,FALSE,"not significant"
"Gene0293",80.1531278167638,-0.131080908074295,0.197290345269719,0.367651937598773,0.893005405580611,FALSE,"not significant"
"Gene0299",129.491623186998,0.138015144274538,0.245048875369474,0.343543450777598,0.893005405580611,FALSE,"not significant"
"Gene0300",86.2176051415361,0.130233125139795,0.24820214584212,0.362440722208215,0.893005405580611,FALSE,"not significant"
"Gene0340",40.5211168987993,0.133342612577274,0.227761138602178,0.368398589966521,0.893005405580611,FALSE,"not significant"
"Gene0380",29.7146226633099,-0.0946914362146575,0.28128849362349,0.338698279207087,0.893005405580611,FALSE,"not significant"
"Gene0381",87.9896698194083,-0.131170998748843,0.235975892212514,0.368302787540478,0.893005405580611,FALSE,"not significant"
"Gene0386",320.645514295008,0.133579285949184,0.23534220125046,0.36391361540215,0.893005405580611,FALSE,"not significant"
"Gene0394",192.213535966979,0.134845252472375,0.213631498121021,0.367087367147447,0.893005405580611,FALSE,"not significant"
"Gene0409",40.3158218878503,0.136539558255309,0.212326078498885,0.360197894285731,0.893005405580611,FALSE,"not significant"
"Gene0463",101.045140201508,-0.13307981178654,0.237499470548492,0.35779984468609,0.893005405580611,FALSE,"not significant"
"Gene0470",158.766212327848,0.141227606127496,0.219833371359579,0.348418147644496,0.893005405580611,FALSE,"not significant"
"Gene0493",54.4880459137421,0.128340315946731,0.247671845936215,0.364585566424551,0.893005405580611,FALSE,"not significant"
"Gene0537",225.084524808721,-0.137560377668069,0.203300061290088,0.352036698619015,0.893005405580611,FALSE,"not significant"
"Gene0659",166.40542981374,0.131670553395215,0.253105976085992,0.345254648577946,0.893005405580611,FALSE,"not significant"
"Gene0670",144.381740466349,0.136923135387903,0.212585353968882,0.357816277160113,0.893005405580611,FALSE,"not significant"
"Gene0688",111.235849187353,-0.133594745283315,0.201828556947126,0.361701187970486,0.893005405580611,FALSE,"not significant"
"Gene0694",42.9039896862564,-0.137685534654234,0.231005349355826,0.356614491451846,0.893005405580611,FALSE,"not significant"
"Gene0750",328.204191065272,-0.137972192351014,0.223343981356692,0.355497492411026,0.893005405580611,FALSE,"not significant"
"Gene0752",23.5922197779728,-0.131909701473996,0.239872910210743,0.364471810704338,0.893005405580611,FALSE,"not significant"
"Gene0759",142.798356141428,-0.131881735187305,0.187400073774973,0.356642543753459,0.893005405580611,FALSE,"not significant"
"Gene0767",194.765407082315,0.140417881701372,0.22488508882246,0.344146465891802,0.893005405580611,FALSE,"not significant"
"Gene0855",69.4455518432011,0.133117895259064,0.241225437977582,0.358777524544169,0.893005405580611,FALSE,"not significant"
"Gene0863",89.4473220190552,-0.140556809636819,0.2420020201789,0.34102091409011,0.893005405580611,FALSE,"not significant"
"Gene0886",360.411283063836,0.14073920675616,0.222872119237897,0.348806245448468,0.893005405580611,FALSE,"not significant"
"Gene0916",131.472408016864,-0.126935925714101,0.253079554012257,0.366120145406594,0.893005405580611,FALSE,"not significant"
"Gene0926",50.4179363103332,0.13429151331629,0.217270311622739,0.367916937631137,0.893005405580611,FALSE,"not significant"
"Gene0928",13.6687415687459,0.131639051796727,0.258980990152697,0.346515422176218,0.893005405580611,FALSE,"not significant"
"Gene0975",130.999313774762,0.135297811146499,0.230164760853161,0.353844699634661,0.893005405580611,FALSE,"not significant"
"Gene0355",526.165049507384,0.131133126586285,0.223244848774869,0.371099801615639,0.89516513121431,FALSE,"not significant"
"Gene0919",116.895350281833,0.123843679010276,0.247080958392232,0.370758054547318,0.89516513121431,FALSE,"not significant"
"Gene0333",104.595908778926,0.128232623650008,0.248016396453469,0.374485421662866,0.897791976828369,FALSE,"not significant"
"Gene0540",198.385429615284,0.131718615514595,0.207690256069668,0.37574064764174,0.897791976828369,FALSE,"not significant"
"Gene0541",90.7995477645739,-0.130293701157659,0.216089793928109,0.373128081000181,0.897791976828369,FALSE,"not significant"
"Gene0550",26.8856517691139,0.129329994598668,0.243485033751149,0.375819897276991,0.897791976828369,FALSE,"not significant"
"Gene0774",52.7420131714935,-0.129451230274635,0.229787729948942,0.379669733819488,0.900463709226556,FALSE,"not significant"
"Gene0947",30.9612142896306,-0.130470883075895,0.232506424393607,0.379465764396474,0.900463709226556,FALSE,"not significant"
"Gene0973",378.466946385013,-0.129451938265872,0.217788053021765,0.379116890656616,0.900463709226556,FALSE,"not significant"
"Gene0208",86.2383836215501,-0.126399815586095,0.191070565476747,0.381323982571013,0.902223489862994,FALSE,"not significant"
"Gene0391",46.6094357606753,0.124903636186886,0.243570956657958,0.386786696527928,0.910060679509855,FALSE,"not significant"
"Gene0435",53.2205144439592,-0.127184015434038,0.203417269341037,0.387739334646306,0.910060679509855,FALSE,"not significant"
"Gene0496",66.2053002759181,0.125350864506337,0.19056200285088,0.386242088301808,0.910060679509855,FALSE,"not significant"
"Gene0800",46.3245956240828,-0.126124459955613,0.237710814321728,0.388317094795914,0.910060679509855,FALSE,"not significant"
"Gene0616",141.927838507659,-0.125264663812834,0.19828588848993,0.389769946583148,0.911306092602206,FALSE,"not significant"
"Gene0488",67.9842233090176,0.122680105855073,0.234729134227151,0.396402114742806,0.911724863908454,FALSE,"not significant"
"Gene0661",13.380651445557,-0.118320591012891,0.257745944841668,0.392020390867954,0.911724863908454,FALSE,"not significant"
"Gene0671",29.5427176951909,0.117622323014544,0.246265195396441,0.396234544113167,0.911724863908454,FALSE,"not significant"
"Gene0737",79.3752834773064,-0.123215899579804,0.228252537795773,0.394662490427739,0.911724863908454,FALSE,"not significant"
"Gene0780",214.98276640563,-0.124432380219565,0.201452923465879,0.395899805401551,0.911724863908454,FALSE,"not significant"
"Gene0809",30.5040018756472,0.126136336079282,0.22631054797192,0.392810301131919,0.911724863908454,FALSE,"not significant"
"Gene0924",108.695043503595,0.126342486245257,0.236486531612456,0.390975102471083,0.911724863908454,FALSE,"not significant"
"Gene0132",19.0620638146114,-0.123222624014896,0.23687143785692,0.401085242115575,0.918677347075775,FALSE,"not significant"
"Gene0740",445.478766941294,0.120936510765084,0.243167378697005,0.401282723899631,0.918677347075775,FALSE,"not significant"
"Gene0714",92.8776516816062,-0.1242331930684,0.221795322339043,0.402556952643322,0.919466111233824,FALSE,"not significant"
"Gene0654",193.373437946772,0.122222404461871,0.225030246117875,0.405745890797475,0.922553446912004,FALSE,"not significant"
"Gene0873",150.65500998774,0.121030267008656,0.225402798960067,0.406085653205312,0.922553446912004,FALSE,"not significant"
"Gene0875",44.0536304994253,0.123478382444814,0.225536655960379,0.406707080741793,0.922553446912004,FALSE,"not significant"
"Gene0215",176.381342960428,0.120898137006657,0.235530807198736,0.408149591028032,0.923706969168704,FALSE,"not significant"
"Gene0108",89.7853671882061,0.111992519076307,0.225214444328901,0.442003969569492,0.924190118190755,FALSE,"not significant"
"Gene0141",176.164937973636,0.120035438278561,0.200358283794761,0.413299432937416,0.924190118190755,FALSE,"not significant"
"Gene0173",29.4036076915285,-0.112359241277344,0.232155494438049,0.438969093726085,0.924190118190755,FALSE,"not significant"
"Gene0200",106.628638939174,0.108365422470144,0.243216743489136,0.431890590972286,0.924190118190755,FALSE,"not significant"
"Gene0292",234.08142613862,0.117037682574405,0.218899795912518,0.427501775441873,0.924190118190755,FALSE,"not significant"
"Gene0316",330.94431545699,-0.117285789092639,0.21697124848774,0.425426723321818,0.924190118190755,FALSE,"not significant"
"Gene0425",117.285513140043,0.114929586329858,0.218969090052818,0.437588509489766,0.924190118190755,FALSE,"not significant"
"Gene0443",162.2878555386,-0.113302521446042,0.216043955592284,0.433551022545425,0.924190118190755,FALSE,"not significant"
"Gene0495",18.0564234074754,0.115449978954825,0.240498608716612,0.423257571548361,0.924190118190755,FALSE,"not significant"
"Gene0514",138.075723187859,0.101365272147732,0.249592760287673,0.435174600859457,0.924190118190755,FALSE,"not significant"
"Gene0553",29.9210891500136,-0.108012131341645,0.242249122912231,0.440827733985138,0.924190118190755,FALSE,"not significant"
"Gene0586",31.2979620323556,-0.117527036343924,0.243081199777738,0.414226260691051,0.924190118190755,FALSE,"not significant"
"Gene0587",53.0766184434573,-0.107797165413566,0.23859640772793,0.437706011642313,0.924190118190755,FALSE,"not significant"
"Gene0605",138.371150989812,-0.102262311032788,0.249023480862898,0.434554584454519,0.924190118190755,FALSE,"not significant"
"Gene0607",221.287313064873,0.115761933102239,0.204042314073038,0.429726706804499,0.924190118190755,FALSE,"not significant"
"Gene0608",37.1953899387481,0.118462848673107,0.207567692633988,0.422597063871592,0.924190118190755,FALSE,"not significant"
"Gene0611",273.687769262938,-0.115922338595103,0.205797484969808,0.43246609696411,0.924190118190755,FALSE,"not significant"
"Gene0613",48.6357644520168,0.115444189236766,0.214617122069006,0.436073217121485,0.924190118190755,FALSE,"not significant"
"Gene0628",50.7490945701295,0.112053787574423,0.230008135094709,0.438643749824047,0.924190118190755,FALSE,"not significant"
"Gene0629",106.809338549856,-0.116759398403061,0.210440716227466,0.41987484329374,0.924190118190755,FALSE,"not significant"
"Gene0637",121.930421479999,-0.110302415483598,0.189398561890364,0.441173051451016,0.924190118190755,FALSE,"not significant"
"Gene0641",195.944263601585,0.118562415341891,0.202963041440378,0.420505202194787,0.924190118190755,FALSE,"not significant"
"Gene0679",31.5003926415371,-0.117871702435957,0.233248631931526,0.417759190602273,0.924190118190755,FALSE,"not significant"
"Gene0745",137.012311013178,0.113933014129727,0.208754306912342,0.434218493589124,0.924190118190755,FALSE,"not significant"
"Gene0781",143.941368125099,-0.118681897148952,0.233405193508997,0.411062115118446,0.924190118190755,FALSE,"not significant"
"Gene0796",68.9116319738195,-0.111346860289329,0.195138980712996,0.440642748599752,0.924190118190755,FALSE,"not significant"
"Gene0825",79.4231736023248,-0.120376747602762,0.210411821618427,0.412964627556919,0.924190118190755,FALSE,"not significant"
"Gene0844",46.0979432247474,0.116001385665736,0.223441338433508,0.432302197650433,0.924190118190755,FALSE,"not significant"
"Gene0856",260.927145857203,0.105927311761823,0.248159334063291,0.436776091339663,0.924190118190755,FALSE,"not significant"
"Gene0864",728.295529368484,0.109273777114597,0.184462431248253,0.438927940005063,0.924190118190755,FALSE,"not significant"
"Gene0877",67.8813273224652,-0.115863567098507,0.220153792491933,0.431542929403572,0.924190118190755,FALSE,"not significant"
"Gene0900",57.813560679816,-0.119898900754844,0.22103984354953,0.409897679813816,0.924190118190755,FALSE,"not significant"
"Gene0920",139.887244807912,-0.114428100401471,0.234438197640086,0.422600939882501,0.924190118190755,FALSE,"not significant"
"Gene0922",212.101642434221,-0.11533277096372,0.19287937504052,0.422910518980002,0.924190118190755,FALSE,"not significant"
"Gene0925",61.0463051375845,-0.113223775004763,0.223511513539773,0.431915345481189,0.924190118190755,FALSE,"not significant"
"Gene0957",75.333070153652,-0.112253217373304,0.202143197312289,0.440658033015859,0.924190118190755,FALSE,"not significant"
"Gene0456",198.959901930586,-0.111345199739584,0.207248462645233,0.446326129275417,0.927345676162579,FALSE,"not significant"
"Gene0638",286.510031221211,-0.108319772571456,0.181859510160754,0.445796934988762,0.927345676162579,FALSE,"not significant"
"Gene0996",364.485929861998,0.112166548593743,0.218632351423532,0.446274252481795,0.927345676162579,FALSE,"not significant"
"Gene0303",37.0803696038774,0.107202128280417,0.233115625779022,0.450870521990781,0.934130016414392,FALSE,"not significant"
"Gene0357",228.946349610661,0.109938753490255,0.21803318077939,0.452235263668223,0.934130016414392,FALSE,"not significant"
"Gene0631",40.1622975646664,-0.110026936617154,0.223733245888986,0.452424952338214,0.934130016414392,FALSE,"not significant"
"Gene0118",32.1267291751796,-0.108299830658221,0.232626967931531,0.455206577252498,0.937915218547334,FALSE,"not significant"
"Gene0018",264.400155954682,0.0991322010228108,0.238548143210208,0.47180705434329,0.939425497249089,FALSE,"not significant"
"Gene0137",32.1480846858237,0.100467074777831,0.230039293678117,0.478280383205384,0.939425497249089,FALSE,"not significant"
"Gene0183",36.0510939680937,0.0927456438360194,0.229396760834544,0.520217529535881,0.939425497249089,FALSE,"not significant"
"Gene0186",128.551465957866,0.0945814766826754,0.200254201264856,0.513344054413848,0.939425497249089,FALSE,"not significant"
"Gene0201",110.802022055454,-0.100449700913838,0.234824086562004,0.460938049708996,0.939425497249089,FALSE,"not significant"
"Gene0223",496.186653093717,-0.0932230733281266,0.212077870012214,0.5180775975515,0.939425497249089,FALSE,"not significant"
"Gene0224",110.941690225257,-0.0987421723226396,0.215150567851295,0.493930803908428,0.939425497249089,FALSE,"not significant"
"Gene0254",42.4189634156886,-0.0951565093310413,0.20807901082037,0.512102278249085,0.939425497249089,FALSE,"not significant"
"Gene0256",378.641214114869,-0.100411932294692,0.191137831378543,0.483275668746765,0.939425497249089,FALSE,"not significant"
"Gene0259",21.7557334012549,0.0952053440086379,0.219898481970378,0.512975484004868,0.939425497249089,FALSE,"not significant"
"Gene0267",173.634333807402,0.0984246634490965,0.19610769424213,0.492560869683267,0.939425497249089,FALSE,"not significant"
"Gene0274",109.539318227798,0.0990141936559143,0.213905910645251,0.500056847403655,0.939425497249089,FALSE,"not significant"
"Gene0278",197.394439225616,-0.0933747986811517,0.182235187310538,0.507225366127015,0.939425497249089,FALSE,"not significant"
"Gene0284",123.642961425705,0.0933619560101065,0.231057978510848,0.516367978168489,0.939425497249089,FALSE,"not significant"
"Gene0310",48.1304359292779,0.0941708361320861,0.219191052991249,0.508970990521235,0.939425497249089,FALSE,"not significant"
"Gene0311",254.507400756893,-0.0999578870627368,0.239867660540231,0.466656391055196,0.939425497249089,FALSE,"not significant"
"Gene0312",226.097728382993,-0.100748851902811,0.204970842834508,0.489726944337951,0.939425497249089,FALSE,"not significant"
"Gene0322",211.09820180968,0.101902817792458,0.214824514968339,0.47982445259042,0.939425497249089,FALSE,"not significant"
"Gene0326",87.7800834582883,-0.101140338985279,0.184572403033256,0.475423266036009,0.939425497249089,FALSE,"not significant"
"Gene0329",36.2646444006383,-0.0969282478658116,0.224510697174527,0.501805601403464,0.939425497249089,FALSE,"not significant"
"Gene0346",83.3028136492431,-0.0935325434629397,0.241869425880258,0.495214852496781,0.939425497249089,FALSE,"not significant"
"Gene0374",101.019583895676,-0.0970417008283013,0.216029753264606,0.503702411220325,0.939425497249089,FALSE,"not significant"
"Gene0375",148.424587572558,-0.105445549820257,0.209651149160262,0.469491205438498,0.939425497249089,FALSE,"not significant"
"Gene0383",88.4305354008786,0.0939466467776456,0.198665814026866,0.516764709301047,0.939425497249089,FALSE,"not significant"
"Gene0384",35.1821752921361,0.102228208034796,0.215014289732705,0.485227458922669,0.939425497249089,FALSE,"not significant"
"Gene0402",56.4924376717011,0.0911763536722475,0.235122065588854,0.517116234266541,0.939425497249089,FALSE,"not significant"
"Gene0415",36.8351341703195,0.0958416892811263,0.213982312868908,0.506570381861557,0.939425497249089,FALSE,"not significant"
"Gene0429",49.962381094546,-0.0929201090227882,0.214915439435121,0.521397316540841,0.939425497249089,FALSE,"not significant"
"Gene0457",82.6852943715443,-0.0943013223876338,0.207293557535647,0.51334945001726,0.939425497249089,FALSE,"not significant"
"Gene0462",69.2797724201968,-0.101738027947252,0.227165748478084,0.480005977698601,0.939425497249089,FALSE,"not significant"
"Gene0505",34.6712181869607,0.096435443804607,0.23012165401617,0.504556129507578,0.939425497249089,FALSE,"not significant"
"Gene0507",111.934982087701,-0.0994029661463228,0.211598390747408,0.495001611601762,0.939425497249089,FALSE,"not significant"
"Gene0512",164.289609094199,-0.0992248896244882,0.190765418385897,0.486700174102079,0.939425497249089,FALSE,"not significant"
"Gene0525",25.3655789331553,0.103311776532654,0.227582822683853,0.478914079070605,0.939425497249089,FALSE,"not significant"
"Gene0526",90.0035957250487,0.105110695452853,0.211141992894971,0.472890137355112,0.939425497249089,FALSE,"not significant"
"Gene0539",100.20201095666,-0.0925620802168912,0.232943321849639,0.495640994734466,0.939425497249089,FALSE,"not significant"
"Gene0543",164.687686049862,-0.103458357968425,0.201402103303003,0.471140664523795,0.939425497249089,FALSE,"not significant"
"Gene0549",211.547522805518,-0.100083012653667,0.211273461690572,0.486710405270542,0.939425497249089,FALSE,"not significant"
"Gene0558",33.5584260980115,0.0936085617187997,0.214968101850404,0.517683585974972,0.939425497249089,FALSE,"not significant"
"Gene0593",70.9342997067545,0.0986106916026972,0.24009310708917,0.486830842882714,0.939425497249089,FALSE,"not significant"
"Gene0601",157.282340758318,0.099535661922152,0.189768389250221,0.487923730122949,0.939425497249089,FALSE,"not significant"
"Gene0609",495.179736631154,0.102803197025618,0.206344835642849,0.482553284943965,0.939425497249089,FALSE,"not significant"
"Gene0615",93.2652439765645,0.0928287258596449,0.226487160676266,0.521480887755055,0.939425497249089,FALSE,"not significant"
"Gene0627",273.393169188084,0.0899327804820586,0.238211207635637,0.512467218496188,0.939425497249089,FALSE,"not significant"
"Gene0669",91.727416152883,-0.0915558109682599,0.237071894273242,0.498904256577991,0.939425497249089,FALSE,"not significant"
"Gene0672",25.9829774075337,0.0940258359636043,0.226050534639955,0.510754517021423,0.939425497249089,FALSE,"not significant"
"Gene0677",67.072429365429,-0.0982309506209085,0.228049413186247,0.494950091055222,0.939425497249089,FALSE,"not significant"
"Gene0706",158.950978747803,0.103361922266779,0.208486579020769,0.478494485455082,0.939425497249089,FALSE,"not significant"
"Gene0710",172.202223683759,0.105027978962915,0.205264897990313,0.472601266391793,0.939425497249089,FALSE,"not significant"
"Gene0711",9.47406134167858,0.0974070244820841,0.247738284751222,0.481789061117321,0.939425497249089,FALSE,"not significant"
"Gene0716",71.7740597555437,-0.106101088900236,0.205964884367056,0.466979255948198,0.939425497249089,FALSE,"not significant"
"Gene0730",58.0738982620711,0.0845472459777562,0.243286159079923,0.520754925746787,0.939425497249089,FALSE,"not significant"
"Gene0739",7.82911668724589,-0.0911079431403995,0.250098726696482,0.499684616129934,0.939425497249089,FALSE,"not significant"
"Gene0768",97.9216126731781,-0.0912872045681689,0.186402528341297,0.519895146477652,0.939425497249089,FALSE,"not significant"
"Gene0770",17.1379115547903,-0.0976598543489796,0.237328682421043,0.489996879558879,0.939425497249089,FALSE,"not significant"
"Gene0772",248.999332105658,0.0930435655223364,0.226573535806171,0.519594765916628,0.939425497249089,FALSE,"not significant"
"Gene0777",81.793640361451,0.0912969727254131,0.225838046289896,0.514940064779637,0.939425497249089,FALSE,"not significant"
"Gene0804",42.5920342965924,0.106531819336665,0.22222308171917,0.467406907662045,0.939425497249089,FALSE,"not significant"
"Gene0838",170.840702874117,0.103948620044694,0.196974871785007,0.47495990201025,0.939425497249089,FALSE,"not significant"
"Gene0840",23.6175852840283,0.103967604516368,0.234018676495431,0.464432432314208,0.939425497249089,FALSE,"not significant"
"Gene0878",101.59709804634,-0.0978230961190327,0.206126041360604,0.501281876844897,0.939425497249089,FALSE,"not significant"
"Gene0887",148.89653339816,-0.0948982493119552,0.208099908532526,0.513986505026785,0.939425497249089,FALSE,"not significant"
"Gene0889",81.6294629054982,0.0928455108203835,0.240695024531071,0.505000601777929,0.939425497249089,FALSE,"not significant"
"Gene0935",15.0681991081715,0.104246148946246,0.231863023526252,0.472511786824353,0.939425497249089,FALSE,"not significant"
"Gene0936",305.444233133571,-0.098691839207566,0.210033591486086,0.493564747283551,0.939425497249089,FALSE,"not significant"
"Gene0949",83.3107327677297,0.10848134640948,0.213237921217594,0.461896786402565,0.939425497249089,FALSE,"not significant"
"Gene0951",455.283409531218,-0.0918864489033378,0.229878248696612,0.508029376778307,0.939425497249089,FALSE,"not significant"
"Gene0972",69.9641149593322,0.102493087056002,0.229411148362043,0.477725401975889,0.939425497249089,FALSE,"not significant"
"Gene0994",132.95424955576,-0.0974037414501406,0.229127831520027,0.497535354021687,0.939425497249089,FALSE,"not significant"
"Gene0829",44.817594953271,0.0932335991242402,0.215192817034193,0.522962495532334,0.940381651057234,FALSE,"not significant"
"Gene0202",37.3217315504333,-0.0908716174753253,0.22171304621181,0.525386774556777,0.940477315515959,FALSE,"not significant"
"Gene0269",11.382923888377,-0.0840220547043902,0.246982715393822,0.525049818177203,0.940477315515959,FALSE,"not significant"
"Gene0364",25.2382924681484,-0.0877521842185365,0.233582597596613,0.525868509080208,0.940477315515959,FALSE,"not significant"
"Gene0116",25.7883767079637,0.0883474853576385,0.22176702556047,0.539041620842834,0.941002415838094,FALSE,"not significant"
"Gene0144",32.0318131510196,-0.0892065960330713,0.2164374196925,0.538363293174835,0.941002415838094,FALSE,"not significant"
"Gene0148",99.9627162385883,-0.0557309069175478,0.268201037375588,0.565534106107397,0.941002415838094,FALSE,"not significant"
"Gene0150",84.7874855514352,0.0909320037264245,0.222049969055365,0.530628482484558,0.941002415838094,FALSE,"not significant"
"Gene0180",87.1682884751099,-0.0817445003106555,0.21770358830638,0.559956598316193,0.941002415838094,FALSE,"not significant"
"Gene0196",62.0898813281559,-0.074198788265301,0.238332991197881,0.569920258161053,0.941002415838094,FALSE,"not significant"
"Gene0216",31.1557217829158,-0.0814486421932976,0.22531550274429,0.568609977985116,0.941002415838094,FALSE,"not significant"
"Gene0236",110.857146071241,-0.0853208530849041,0.21338321240926,0.552121537252257,0.941002415838094,FALSE,"not significant"
"Gene0277",59.930049205289,-0.0842419058013612,0.232272486004175,0.542514159254519,0.941002415838094,FALSE,"not significant"
"Gene0354",96.3337665260417,0.0807978573916262,0.208443873862322,0.572020776001247,0.941002415838094,FALSE,"not significant"
"Gene0377",37.9525254659599,-0.0786800064777114,0.233787073600887,0.570528243176091,0.941002415838094,FALSE,"not significant"
"Gene0389",14.7822631109344,0.0789205179901173,0.242261284157803,0.556366029057323,0.941002415838094,FALSE,"not significant"
"Gene0397",195.272508330539,0.0773686465604572,0.23864559154866,0.55802760922404,0.941002415838094,FALSE,"not significant"
"Gene0410",94.0986249400715,-0.0891692735725018,0.201044678240626,0.537574382635306,0.941002415838094,FALSE,"not significant"
"Gene0414",710.098937606379,-0.0840539065881012,0.212150782830967,0.556311167366228,0.941002415838094,FALSE,"not significant"
"Gene0431",58.144047070677,-0.0875217168128678,0.233219198231482,0.528370777564439,0.941002415838094,FALSE,"not significant"
"Gene0445",461.61805412707,0.0885230408445652,0.203529052483352,0.53940243026667,0.941002415838094,FALSE,"not significant"
"Gene0472",34.4808886213328,0.0846786076139271,0.222523982708156,0.555656013976341,0.941002415838094,FALSE,"not significant"
"Gene0510",31.1364641317341,0.0803205928232381,0.226252674159337,0.573735547775906,0.941002415838094,FALSE,"not significant"
"Gene0518",32.0428702327663,0.0852846539590986,0.240006226143257,0.538837976629018,0.941002415838094,FALSE,"not significant"
"Gene0521",54.2466685053145,0.08292837062409,0.233607694473066,0.554570478626236,0.941002415838094,FALSE,"not significant"
"Gene0556",97.3721740279825,0.0842952524690323,0.241084023493721,0.535552673682963,0.941002415838094,FALSE,"not significant"
"Gene0591",43.5683253807229,0.0840155049673498,0.209980502240498,0.560937644404515,0.941002415838094,FALSE,"not significant"
"Gene0602",39.1594280905262,0.088589797978213,0.213089713226893,0.540805171982807,0.941002415838094,FALSE,"not significant"
"Gene0604",8.22873837587743,0.0714105692733887,0.256962557922969,0.561476832809053,0.941002415838094,FALSE,"not significant"
"Gene0663",33.399743743939,-0.0872050946899151,0.221090616278511,0.540075861435462,0.941002415838094,FALSE,"not significant"
"Gene0704",63.2997151500069,0.082515818512206,0.205551635958211,0.570014076752312,0.941002415838094,FALSE,"not significant"
"Gene0724",330.855006466503,-0.0817928173630351,0.232585650383363,0.548340403362587,0.941002415838094,FALSE,"not significant"
"Gene0766",547.837611392791,0.0845348922976271,0.192021887470905,0.555468694658883,0.941002415838094,FALSE,"not significant"
"Gene0779",267.876060815267,-0.082616712137393,0.2082187010427,0.567187894821511,0.941002415838094,FALSE,"not significant"
"Gene0805",61.0819691307887,-0.0857348727136247,0.213303549006012,0.549814330399357,0.941002415838094,FALSE,"not significant"
"Gene0821",513.116144243979,-0.0900007521379444,0.225458833844294,0.534621431396224,0.941002415838094,FALSE,"not significant"
"Gene0836",16.0750405397585,0.0839699610495279,0.241509453226531,0.5399324894526,0.941002415838094,FALSE,"not significant"
"Gene0860",37.5758189135253,0.0809338397647495,0.223881830595567,0.569842851636513,0.941002415838094,FALSE,"not significant"
"Gene0872",293.144585203629,-0.0899037699583334,0.21461896594397,0.534530765982414,0.941002415838094,FALSE,"not significant"
"Gene0882",35.4457123977643,-0.0879699065849517,0.234878921638392,0.52966366503898,0.941002415838094,FALSE,"not significant"
"Gene0891",35.3185915598238,-0.0789635848891803,0.236442673933438,0.564530834491235,0.941002415838094,FALSE,"not significant"
"Gene0895",22.9851772747437,0.0885455194683385,0.23184395023508,0.535678645866881,0.941002415838094,FALSE,"not significant"
"Gene0896",87.2219563698965,0.0813053001800592,0.195429572576355,0.572811710176658,0.941002415838094,FALSE,"not significant"
"Gene0899",71.1541162188803,-0.0838879610053327,0.218554373027081,0.557700866577738,0.941002415838094,FALSE,"not significant"
"Gene0937",69.2926684861774,0.0825022369134417,0.217234790692642,0.565985542570679,0.941002415838094,FALSE,"not significant"
"Gene0948",78.6806645440443,0.0826940924559835,0.223379335046572,0.562490964893462,0.941002415838094,FALSE,"not significant"
"Gene0967",74.1876527676183,-0.0870042717597283,0.20223206340802,0.546492072389111,0.941002415838094,FALSE,"not significant"
"Gene0968",176.500395264827,0.0831931867049976,0.222996230213736,0.563466311372474,0.941002415838094,FALSE,"not significant"
"Gene0980",52.1666851584389,-0.0850025184876802,0.217829798485863,0.551764747703992,0.941002415838094,FALSE,"not significant"
"Gene0986",141.209233220113,-0.0850649595146144,0.18726501374959,0.548385291442517,0.941002415838094,FALSE,"not significant"
"Gene0987",396.1016130072,0.0833063430048898,0.214826841788884,0.56154465881113,0.941002415838094,FALSE,"not significant"
"Gene0988",68.4474445777172,-0.0811491243292123,0.206029987928284,0.572576788058609,0.941002415838094,FALSE,"not significant"
"Gene0998",34.7035431168602,-0.0837012434093274,0.228412880369718,0.544093583116948,0.941002415838094,FALSE,"not significant"
"Gene0999",13.7242998685494,-0.0761007568571448,0.242586774225626,0.573415399665938,0.941002415838094,FALSE,"not significant"
"Gene0461",39.8629054208347,0.0811270143830349,0.204801122098513,0.575665230946639,0.941046137861531,FALSE,"not significant"
"Gene0555",8.57249972557212,0.0747181746312327,0.246893271901044,0.575004010076468,0.941046137861531,FALSE,"not significant"
"Gene0174",402.37015947026,0.0783719244996702,0.184772720880653,0.577390426197585,0.942308797870316,FALSE,"not significant"
"Gene0481",92.4413386174487,0.0792345204315644,0.222014770661466,0.58050791496574,0.944417956274158,FALSE,"not significant"
"Gene0769",82.481937254907,0.0780814231469093,0.214868995105093,0.58149433341645,0.944417956274158,FALSE,"not significant"
"Gene0910",11.6681134092158,0.0753178321240365,0.241229996370416,0.581547558514623,0.944417956274158,FALSE,"not significant"
"Gene0155",24.0794076392436,0.0793572975097751,0.215682204114183,0.583365743047639,0.945817573564123,FALSE,"not significant"
"Gene0794",69.3782994734262,0.0780311740720441,0.210827754513283,0.585711751070512,0.948066975137048,FALSE,"not significant"
"Gene0175",199.418217629708,0.0778979807678302,0.208013514590353,0.588894055070411,0.951660490955288,FALSE,"not significant"
"Gene0897",16.7703597061484,-0.0752610573901356,0.230088735559355,0.592109921020871,0.955296430488811,FALSE,"not significant"
"Gene0345",135.304391914114,0.0754089682891115,0.221901308012672,0.59318030575944,0.955464694456166,FALSE,"not significant"
"Gene0367",6.58609062348366,0.0660084339735166,0.25236773636838,0.598944279698109,0.958584742401724,FALSE,"not significant"
"Gene0428",321.154498557701,-0.0746410544093388,0.223436750392676,0.598994308194404,0.958584742401724,FALSE,"not significant"
"Gene0721",276.509084772556,-0.0722333900238477,0.17214070091574,0.597651867687583,0.958584742401724,FALSE,"not significant"
"Gene0944",119.230122653607,-0.0749540240537344,0.217545627842807,0.598972697443066,0.958584742401724,FALSE,"not significant"
"Gene0120",113.828694703573,0.0754186055230388,0.203759290901332,0.600172001932802,0.958917786609922,FALSE,"not significant"
"Gene0111",94.725648493679,0.0717573932492202,0.235162080266498,0.60196096600701,0.959845027072217,FALSE,"not significant"
"Gene0536",73.685296145467,0.0722657417675757,0.221469318424151,0.605093361468803,0.959845027072217,FALSE,"not significant"
"Gene0547",321.398059632617,0.0731127703058909,0.210082375040465,0.60348689476521,0.959845027072217,FALSE,"not significant"
"Gene0584",17.3393914396589,0.0692139810172571,0.237561525807781,0.60650094530452,0.959845027072217,FALSE,"not significant"
"Gene0791",30.0024741470777,-0.0669466912894514,0.245346764974038,0.605365562497055,0.959845027072217,FALSE,"not significant"
"Gene0817",12.2858771763762,0.0712114897072326,0.235471931916962,0.606575472113383,0.959845027072217,FALSE,"not significant"
"Gene0508",191.263155127603,-0.0606759662081989,0.242417695841307,0.608295404440917,0.961029001584772,FALSE,"not significant"
"Gene0209",49.157398867114,0.0625741799265603,0.242124069334423,0.615816630559526,0.962750973926284,FALSE,"not significant"
"Gene0321",393.73229009309,0.0711842481547558,0.209922418327518,0.621447695777794,0.962750973926284,FALSE,"not significant"
"Gene0379",126.065613123428,-0.0701867617925385,0.21931948044477,0.621042470604506,0.962750973926284,FALSE,"not significant"
"Gene0418",100.92618453496,-0.0720416342341249,0.20479433767411,0.616265616695942,0.962750973926284,FALSE,"not significant"
"Gene0447",13.7585625108931,0.0675365548083628,0.241370757256923,0.611640973598749,0.962750973926284,FALSE,"not significant"
"Gene0482",256.857910522861,-0.0711372483977481,0.201241372558107,0.615218437474463,0.962750973926284,FALSE,"not significant"
"Gene0520",29.3462366506741,0.0648164261314924,0.239636566101327,0.619366497814291,0.962750973926284,FALSE,"not significant"
"Gene0524",468.169609393446,0.0724656303677556,0.186641213785001,0.610731396002295,0.962750973926284,FALSE,"not significant"
"Gene0620",74.8501928341048,-0.0718450971179168,0.202217545316286,0.613448871424427,0.962750973926284,FALSE,"not significant"
"Gene0758",98.0690738495894,0.0692897631118129,0.215129530150364,0.622872931001768,0.962750973926284,FALSE,"not significant"
"Gene0867",46.4173958853165,-0.0713639474379241,0.20101594634467,0.61870625477518,0.962750973926284,FALSE,"not significant"
"Gene0914",50.6742751802352,0.0707279871702104,0.193119555513952,0.621021852231526,0.962750973926284,FALSE,"not significant"
"Gene0929",428.122692782392,0.0699460447595306,0.208456747338437,0.623013774836018,0.962750973926284,FALSE,"not significant"
"Gene0943",33.7513005761424,-0.0727098607801143,0.204494452438552,0.613053670003478,0.962750973926284,FALSE,"not significant"
"Gene0264",54.2036866082491,0.0704442450766662,0.217724782963769,0.625872574149875,0.965659868696142,FALSE,"not significant"
"Gene0327",55.5256065203128,-0.0659843775055981,0.23172203436064,0.627946930879306,0.967351268909087,FALSE,"not significant"
"Gene0698",43.8002518523669,0.0695706172169895,0.202138652421079,0.629114606957504,0.967642840250344,FALSE,"not significant"
"Gene0123",30.7341008696449,-0.0661112317241259,0.224677283937386,0.631736915423427,0.969096488014756,FALSE,"not significant"
"Gene0502",640.646117765877,0.0668883069384247,0.221930698477343,0.632019448705276,0.969096488014756,FALSE,"not significant"
"Gene0813",29.3986261526156,0.0674062114386985,0.218829789153049,0.634507632097058,0.971405647281718,FALSE,"not significant"
"Gene0117",116.638181980077,0.0670893080775565,0.190010285943787,0.638801191121125,0.97248006170535,FALSE,"not significant"
"Gene0184",183.739353823669,-0.067724839133605,0.217227391484178,0.637730277257371,0.97248006170535,FALSE,"not significant"
"Gene0235",69.2750447772632,-0.0672297554118727,0.20677532569789,0.639271751589818,0.97248006170535,FALSE,"not significant"
"Gene0417",48.1775584424425,0.0672783223973165,0.201314768408115,0.639853326965191,0.97248006170535,FALSE,"not significant"
"Gene0689",48.416012387851,0.0672890186814936,0.205216513389541,0.640719884654047,0.97248006170535,FALSE,"not significant"
"Gene0901",46.4462419717564,-0.0668297157873211,0.211779156049008,0.641237073554274,0.97248006170535,FALSE,"not significant"
"Gene0974",33.6752774142446,-0.0635957225073369,0.233720773037691,0.642092497769053,0.97248006170535,FALSE,"not significant"
"Gene0210",22.1686887693414,0.0647827367715849,0.229649504251665,0.644408443966477,0.973007558905108,FALSE,"not significant"
"Gene0474",20.317874140791,0.0656557799086312,0.220985397260724,0.64372450046935,0.973007558905108,FALSE,"not significant"
"Gene0756",194.801360833884,-0.0655447546042729,0.200929545200517,0.645624627545497,0.973357860735512,FALSE,"not significant"
"Gene0835",58.0585813773428,-0.0645226097696733,0.187784728218462,0.647210976378838,0.974264316040594,FALSE,"not significant"
"Gene0298",54.9042068906928,-0.0636556584720797,0.217695579001977,0.653312177048497,0.981045990052843,FALSE,"not significant"
"Gene0350",64.9311653664569,0.0632483928541661,0.193078403424803,0.657424055374486,0.981045990052843,FALSE,"not significant"
"Gene0401",28.4284971378323,0.0632976552910763,0.221930108664529,0.656162152222198,0.981045990052843,FALSE,"not significant"
"Gene0427",67.2896856016792,-0.0610784590586839,0.232829868493662,0.654324263996073,0.981045990052843,FALSE,"not significant"
"Gene0843",107.565390176508,-0.0626051692958119,0.191059046943943,0.657667837618842,0.981045990052843,FALSE,"not significant"
"Gene0918",318.250439509521,-0.0621454543122383,0.186650132612326,0.655070964449927,0.981045990052843,FALSE,"not significant"
"Gene0102",108.889249907963,0.0594290909010556,0.21771590009412,0.678087356838559,0.985517365059027,FALSE,"not significant"
"Gene0129",31.5834780070031,-0.0548034599210278,0.215694914448613,0.698272455958557,0.985517365059027,FALSE,"not significant"
"Gene0149",36.0992933503067,-0.056390338130825,0.234636609654931,0.671518333758891,0.985517365059027,FALSE,"not significant"
"Gene0154",12.4214438389953,0.0505200807961454,0.244052566437081,0.6962538635242,0.985517365059027,FALSE,"not significant"
"Gene0165",106.719415062148,-0.0502020517684729,0.212883717262768,0.719589621987028,0.985517365059027,FALSE,"not significant"
"Gene0190",97.1260428104768,-0.0597732480903502,0.206401521220015,0.673588991010401,0.985517365059027,FALSE,"not significant"
"Gene0217",42.2147738222841,0.0577107777327247,0.210292599842569,0.687450053166409,0.985517365059027,FALSE,"not significant"
"Gene0233",132.846111000447,0.0563162638802147,0.197708832534176,0.694290892749237,0.985517365059027,FALSE,"not significant"
"Gene0249",19.2834260620011,0.046426142453195,0.238104463877173,0.72090644825352,0.985517365059027,FALSE,"not significant"
"Gene0272",15.681759757088,-0.0418501853042197,0.248714981407844,0.716186149147068,0.985517365059027,FALSE,"not significant"
"Gene0273",59.9522008325566,-0.0552308698984696,0.213569366338212,0.695636564333675,0.985517365059027,FALSE,"not significant"
"Gene0285",43.7072108025556,0.0502625754260902,0.228321640505773,0.718527649197274,0.985517365059027,FALSE,"not significant"
"Gene0294",25.9978485511883,0.052323572992697,0.225714663261794,0.704647365436547,0.985517365059027,FALSE,"not significant"
"Gene0335",185.241650355398,-0.0546753774390534,0.203641105534479,0.702481500374128,0.985517365059027,FALSE,"not significant"
"Gene0356",32.343271196187,-0.0500015643558681,0.216654294148336,0.723018943237345,0.985517365059027,FALSE,"not significant"
"Gene0360",153.133390403913,-0.0533677872167943,0.216248513225306,0.696617156193027,0.985517365059027,FALSE,"not significant"
"Gene0365",69.6707426215726,0.051130456448394,0.20184008388204,0.721622800704738,0.985517365059027,FALSE,"not significant"
"Gene0399",7.75769839159737,0.0496976149709929,0.245495907515287,0.700714596886129,0.985517365059027,FALSE,"not significant"
"Gene0400",27.3471927401064,0.0600785795303213,0.218672583455158,0.675311666142458,0.985517365059027,FALSE,"not significant"
"Gene0403",19.4845155388064,-0.0491218828764418,0.219964126496463,0.724439964001934,0.985517365059027,FALSE,"not significant"
"Gene0423",61.8376190162626,-0.0510715188740258,0.198867559177524,0.719664097733088,0.985517365059027,FALSE,"not significant"
"Gene0450",76.9639475678686,-0.0488212048017019,0.224498109096364,0.722023613341005,0.985517365059027,FALSE,"not significant"
"Gene0451",431.335239763501,-0.0520877208428669,0.21415152809282,0.718327756869918,0.985517365059027,FALSE,"not significant"
"Gene0464",38.7683283588256,-0.0498255323112745,0.211081053224625,0.722818078040828,0.985517365059027,FALSE,"not significant"
"Gene0466",659.475166989319,0.0572432824025305,0.187076166095617,0.686328703422062,0.985517365059027,FALSE,"not significant"
"Gene0468",103.127814599109,0.0577710285124673,0.211834388619988,0.688623894264661,0.985517365059027,FALSE,"not significant"
"Gene0528",21.6419901433456,-0.0594685415342245,0.21243340260256,0.677083806727165,0.985517365059027,FALSE,"not significant"
"Gene0530",235.610998319204,0.048028286151098,0.240871234613271,0.715696310556149,0.985517365059027,FALSE,"not significant"
"Gene0557",92.030920264131,-0.0510589434534098,0.213656796777954,0.718633140428856,0.985517365059027,FALSE,"not significant"
"Gene0562",86.6405029276865,0.0550514321727029,0.221851384126718,0.696150228057003,0.985517365059027,FALSE,"not significant"
"Gene0574",129.692009614654,0.0536798448196569,0.217451617275991,0.707173191791092,0.985517365059027,FALSE,"not significant"
"Gene0597",38.2352540224601,-0.0556797140573363,0.213936504957632,0.694221515847284,0.985517365059027,FALSE,"not significant"
"Gene0619",31.2836164280781,-0.0513163175035028,0.217446700693693,0.713980256069727,0.985517365059027,FALSE,"not significant"
"Gene0622",24.788033015767,0.0590843539205912,0.228767285504712,0.671882787564853,0.985517365059027,FALSE,"not significant"
"Gene0623",63.6456768592813,0.0552025667556313,0.22847163976782,0.688206056227921,0.985517365059027,FALSE,"not significant"
"Gene0632",207.04803810093,0.0628613273747091,0.210791686462575,0.662027724465929,0.985517365059027,FALSE,"not significant"
"Gene0636",78.7806820550978,0.0619711012774985,0.206752151287016,0.664756801477342,0.985517365059027,FALSE,"not significant"
"Gene0643",23.6963017942028,-0.0608860305607072,0.21855944174335,0.66695356673,0.985517365059027,FALSE,"not significant"
"Gene0655",15.5179476990473,-0.0557553799318994,0.237047952380971,0.672732745862656,0.985517365059027,FALSE,"not significant"
"Gene0660",53.248209482741,0.0506498007657557,0.219395713138854,0.717327884549005,0.985517365059027,FALSE,"not significant"
"Gene0668",45.8173330760864,0.0617978947636002,0.216830634002511,0.664850293172522,0.985517365059027,FALSE,"not significant"
"Gene0678",154.96889477172,0.0578750561837626,0.208843269629328,0.682720510811167,0.985517365059027,FALSE,"not significant"
"Gene0684",54.0343933661753,-0.0495325500481884,0.228550890082927,0.714525395684266,0.985517365059027,FALSE,"not significant"
"Gene0701",23.3704628308365,-0.0511511726369403,0.230687057250845,0.700245043484101,0.985517365059027,FALSE,"not significant"
"Gene0719",47.8088700823073,0.0606260401576347,0.219560724003743,0.670715772818783,0.985517365059027,FALSE,"not significant"
"Gene0732",36.220246421736,0.0549681811482021,0.221524314635716,0.692366107266908,0.985517365059027,FALSE,"not significant"
"Gene0742",58.1658540461421,-0.0525325105646333,0.187115540530485,0.709831719793599,0.985517365059027,FALSE,"not significant"
"Gene0762",95.1793989301726,-0.0614356078453176,0.187573641832273,0.663162648304561,0.985517365059027,FALSE,"not significant"
"Gene0764",57.6297148140656,0.0506696634238821,0.227585260862464,0.718416519056741,0.985517365059027,FALSE,"not significant"
"Gene0785",43.0715056171282,0.0585158857101527,0.196731714154749,0.683146723710085,0.985517365059027,FALSE,"not significant"
"Gene0787",67.6738327536615,0.0577220813201338,0.200235968246176,0.68530052470779,0.985517365059027,FALSE,"not significant"
"Gene0819",19.2836519489797,-0.0547978547995179,0.227955873287402,0.692312191755052,0.985517365059027,FALSE,"not significant"
"Gene0842",42.6201251982675,0.0583521110891323,0.22007769030765,0.681850151838346,0.985517365059027,FALSE,"not significant"
"Gene0858",79.2325584180102,0.0519571952408248,0.20570991881261,0.718236247948597,0.985517365059027,FALSE,"not significant"
"Gene0861",50.5973293410501,-0.0558575912965927,0.212981971434557,0.69340874170598,0.985517365059027,FALSE,"not significant"
"Gene0884",199.818797366503,0.0521938969148598,0.210258459961997,0.716187908164071,0.985517365059027,FALSE,"not significant"
"Gene0890",31.4260325701097,-0.054146587511927,0.213197790217634,0.703319696851967,0.985517365059027,FALSE,"not significant"
"Gene0893",17.5830496236172,-0.0502723204590079,0.232337324198716,0.709454462388416,0.985517365059027,FALSE,"not significant"
"Gene0898",121.998636016176,-0.0553819493504471,0.215443333684973,0.696324476566608,0.985517365059027,FALSE,"not significant"
"Gene0902",32.481764539621,0.0475155128728182,0.236600089003435,0.72009205788872,0.985517365059027,FALSE,"not significant"
"Gene0905",120.625377085131,-0.0485992352705961,0.222379435688545,0.723530906610494,0.985517365059027,FALSE,"not significant"
"Gene0934",422.043721013728,0.0502532868030095,0.208982085404411,0.723571220512124,0.985517365059027,FALSE,"not significant"
"Gene0953",83.2166508104571,0.0546908521792856,0.198655266780698,0.70162679106601,0.985517365059027,FALSE,"not significant"
"Gene0956",40.1850234315556,-0.0591672647649616,0.205022976637552,0.674232590525478,0.985517365059027,FALSE,"not significant"
"Gene0105",53.9718266930463,-0.0469027447369485,0.218072369702892,0.736900294201916,0.987204697765749,FALSE,"not significant"
"Gene0122",75.6065167020575,0.0285290343691775,0.217217507375118,0.836991452001449,0.987204697765749,FALSE,"not significant"
"Gene0126",174.484590015745,0.022582254071648,0.224087419118639,0.868264873363962,0.987204697765749,FALSE,"not significant"
"Gene0130",116.432935543985,0.0472332421424232,0.198826716149503,0.742061100087637,0.987204697765749,FALSE,"not significant"
"Gene0131",57.9635660652569,0.0240696394452034,0.204140793659939,0.866265453736293,0.987204697765749,FALSE,"not significant"
"Gene0133",44.3133588780481,0.0269773839894764,0.219937943934826,0.846857022224485,0.987204697765749,FALSE,"not significant"
"Gene0135",33.8137700207979,-0.0229548590268242,0.219503022924076,0.865638301488339,0.987204697765749,FALSE,"not significant"
"Gene0145",12.7305808486971,0.029678796461954,0.228271432464454,0.828064969819954,0.987204697765749,FALSE,"not significant"
"Gene0158",172.679863638755,0.0320600824806037,0.237526052652457,0.807723650878445,0.987204697765749,FALSE,"not significant"
"Gene0162",59.6791227651735,0.0240794764556584,0.192414307016512,0.864428481850832,0.987204697765749,FALSE,"not significant"
"Gene0164",26.7934873809463,0.0384504797604625,0.221327215969488,0.783595714473369,0.987204697765749,FALSE,"not significant"
"Gene0169",73.1323746744677,0.0471772833391363,0.224168078380204,0.736878811028595,0.987204697765749,FALSE,"not significant"
"Gene0172",16.7834290477345,-0.0236008317343156,0.214723882096424,0.865877537665848,0.987204697765749,FALSE,"not significant"
"Gene0182",13.2340441504661,0.0245338475525339,0.23591413655668,0.852219200936271,0.987204697765749,FALSE,"not significant"
"Gene0185",34.2708572207892,-0.0288857738559705,0.219783482633666,0.841195594242961,0.987204697765749,FALSE,"not significant"
"Gene0206",28.2102089532795,0.0447043526458268,0.211741410036667,0.756893953588138,0.987204697765749,FALSE,"not significant"
"Gene0212",277.731265246705,-0.03749424764945,0.204721754240046,0.788734267784881,0.987204697765749,FALSE,"not significant"
"Gene0218",129.249720984813,-0.0373214189151995,0.207273130058444,0.786663673569739,0.987204697765749,FALSE,"not significant"
"Gene0220",59.2095615224138,-0.031672881567153,0.212594777254782,0.820278614398156,0.987204697765749,FALSE,"not significant"
"Gene0225",34.5280346097384,-0.0266822347138307,0.215227741282674,0.848278766243299,0.987204697765749,FALSE,"not significant"
"Gene0230",449.806363479613,-0.0288662813352794,0.224357477926895,0.832432665099966,0.987204697765749,FALSE,"not significant"
"Gene0232",98.021018654072,-0.026125352855885,0.200923427785305,0.852352088120141,0.987204697765749,FALSE,"not significant"
"Gene0248",103.60313977091,-0.0439103632773386,0.199523791886322,0.757266834411933,0.987204697765749,FALSE,"not significant"
"Gene0251",55.1360536351887,-0.0334138474969166,0.203340395613924,0.812656586264182,0.987204697765749,FALSE,"not significant"
"Gene0263",19.6893361742077,0.0317028369023447,0.235257461710779,0.811805571671987,0.987204697765749,FALSE,"not significant"
"Gene0275",544.373735986217,-0.0253902785499354,0.213422886626755,0.857844008219269,0.987204697765749,FALSE,"not significant"
"Gene0295",133.622907957291,0.044821489072113,0.221754053633105,0.743578375063286,0.987204697765749,FALSE,"not significant"
"Gene0297",32.885591910301,0.0369281483673818,0.230175970043709,0.785869422764437,0.987204697765749,FALSE,"not significant"
"Gene0305",24.2423214478633,-0.0436299494402439,0.224381205484917,0.753338259334944,0.987204697765749,FALSE,"not significant"
"Gene0306",29.5141669995557,0.0307477425089436,0.216037863097263,0.83104899959008,0.987204697765749,FALSE,"not significant"
"Gene0309",30.8892547964231,-0.0461843074171401,0.235597991058575,0.729273156973103,0.987204697765749,FALSE,"not significant"
"Gene0313",74.5673135648597,-0.030712576914067,0.217600434579826,0.823622899740779,0.987204697765749,FALSE,"not significant"
"Gene0320",167.119992388454,-0.0353959924145089,0.210549906258082,0.801768610363088,0.987204697765749,FALSE,"not significant"
"Gene0325",119.234722959512,0.0450600633613106,0.199812995404788,0.753684404450378,0.987204697765749,FALSE,"not significant"
"Gene0328",202.217795497894,-0.0293738520349396,0.23907571338956,0.810159773956289,0.987204697765749,FALSE,"not significant"
"Gene0330",36.9420618603413,-0.0278898712800652,0.205370899625408,0.8435094569567,0.987204697765749,FALSE,"not significant"
"Gene0334",93.9897052369766,-0.0299573169852422,0.261555148816777,0.766619579025753,0.987204697765749,FALSE,"not significant"
"Gene0336",221.469246494902,0.0474840660548174,0.197557933132097,0.738187261554582,0.987204697765749,FALSE,"not significant"
"Gene0347",110.239595745761,0.0247871610979673,0.200119306398507,0.863802573077233,0.987204697765749,FALSE,"not significant"
"Gene0351",19.244262429006,-0.0396912847454066,0.21642743022151,0.777312354422191,0.987204697765749,FALSE,"not significant"
"Gene0352",48.3239013001808,0.0452400437903888,0.202948930930422,0.751842192455221,0.987204697765749,FALSE,"not significant"
"Gene0366",118.920277162707,-0.0269085344563889,0.217451558535261,0.843609918417843,0.987204697765749,FALSE,"not significant"
"Gene0370",33.0628983595016,-0.0308425448883509,0.228070142719033,0.820256143788297,0.987204697765749,FALSE,"not significant"
"Gene0371",123.481137378974,0.0237099989433222,0.209776758452651,0.861134122827874,0.987204697765749,FALSE,"not significant"
"Gene0373",226.971792506483,0.0335436348537783,0.218810576772724,0.811618927443784,0.987204697765749,FALSE,"not significant"
"Gene0382",64.0213960103261,-0.0432049740522018,0.19644153268317,0.760695952173815,0.987204697765749,FALSE,"not significant"
"Gene0405",153.542995370776,-0.0215803581900035,0.216177279457164,0.867808883859059,0.987204697765749,FALSE,"not significant"
"Gene0412",96.510991981825,0.0434120393762173,0.199866880483467,0.762808497534047,0.987204697765749,FALSE,"not significant"
"Gene0416",56.9793632188481,-0.0388316462588096,0.203919309164952,0.782663815519716,0.987204697765749,FALSE,"not significant"
"Gene0421",336.771052563379,-0.0374628703815851,0.188245890311383,0.790953302862984,0.987204697765749,FALSE,"not significant"
"Gene0452",16.6259193846466,0.0353375662928242,0.226002306749932,0.798528138121219,0.987204697765749,FALSE,"not significant"
"Gene0454",13.5130072748199,-0.0299378507215124,0.224797708310176,0.828557265968418,0.987204697765749,FALSE,"not significant"
"Gene0467",17.161556713075,0.0248861298493013,0.241255117511931,0.843889079321618,0.987204697765749,FALSE,"not significant"
"Gene0469",387.592918930152,-0.037602838968084,0.1817426392706,0.785786992838671,0.987204697765749,FALSE,"not significant"
"Gene0475",141.458082600901,-0.0474457159536633,0.201036291350408,0.737171459514085,0.987204697765749,FALSE,"not significant"
"Gene0487",18.9091233998938,0.0331013428793827,0.241505189814411,0.799393788524953,0.987204697765749,FALSE,"not significant"
"Gene0489",103.198791554031,-0.0294634239435262,0.200910466204003,0.8320745100785,0.987204697765749,FALSE,"not significant"
"Gene0494",84.9016054998956,-0.0426763527843649,0.223057267335548,0.758310418057115,0.987204697765749,FALSE,"not significant"
"Gene0497",81.6227567758146,-0.0312660448765243,0.201142694428394,0.824667940022121,0.987204697765749,FALSE,"not significant"
"Gene0498",28.9575948389877,-0.0460812189695719,0.213302530596774,0.743201777481713,0.987204697765749,FALSE,"not significant"
"Gene0501",274.498341895043,0.0442327109707681,0.173562270011791,0.748373600434475,0.987204697765749,FALSE,"not significant"
"Gene0503",34.5390379545374,-0.0415588285006513,0.21396643145109,0.76594921942971,0.987204697765749,FALSE,"not significant"
"Gene0504",121.924980556211,0.0443168207314801,0.206104286446379,0.756487587596552,0.987204697765749,FALSE,"not significant"
"Gene0511",395.893675886515,0.0457199790074338,0.182104906435,0.745968856692059,0.987204697765749,FALSE,"not significant"
"Gene0513",68.7342319378879,0.0407106603409123,0.214387802611747,0.776060828610198,0.987204697765749,FALSE,"not significant"
"Gene0517",43.7732859833315,0.0342695449731128,0.22481239498245,0.800433564596788,0.987204697765749,FALSE,"not significant"
"Gene0522",55.7392083189284,-0.035035378150652,0.209756847241425,0.800327733862465,0.987204697765749,FALSE,"not significant"
"Gene0533",35.2583888533711,-0.0241197011454191,0.213133429883905,0.86019639001225,0.987204697765749,FALSE,"not significant"
"Gene0535",427.583013953398,0.0415629137387016,0.198912927532825,0.767576924980507,0.987204697765749,FALSE,"not significant"
"Gene0548",31.1185446244207,0.0454647756080814,0.213045889563302,0.750664921377766,0.987204697765749,FALSE,"not significant"
"Gene0552",40.6893815050691,-0.0354620765388739,0.219907085027628,0.79869948247344,0.987204697765749,FALSE,"not significant"
"Gene0568",642.250160513957,-0.0382617795336449,0.191526498656325,0.782363764533537,0.987204697765749,FALSE,"not significant"
"Gene0572",91.2926934914683,-0.0320033909559523,0.197042813481818,0.819941464924813,0.987204697765749,FALSE,"not significant"
"Gene0578",10.3014712922312,-0.0413679098178689,0.234681970631335,0.757288324211099,0.987204697765749,FALSE,"not significant"
"Gene0580",25.4648129193893,0.039355467077714,0.210081345262848,0.780702907467775,0.987204697765749,FALSE,"not significant"
"Gene0581",12.1327797186838,-0.025713568478848,0.23699259373724,0.843187462574269,0.987204697765749,FALSE,"not significant"
"Gene0599",103.508728519171,0.0272585703024676,0.208230401572257,0.847338886320276,0.987204697765749,FALSE,"not significant"
"Gene0610",225.246310838853,0.0387414351834224,0.200956826575389,0.785601844907699,0.987204697765749,FALSE,"not significant"
"Gene0617",86.1420524975241,0.0265267637739395,0.185020932660737,0.850876888564863,0.987204697765749,FALSE,"not significant"
"Gene0618",111.521428650662,-0.0377173962342149,0.203639745650774,0.787644016671284,0.987204697765749,FALSE,"not significant"
"Gene0621",20.6743217163351,0.0368192728977832,0.209560646357124,0.798669644563799,0.987204697765749,FALSE,"not significant"
"Gene0625",233.582656834784,0.0333841628194101,0.208354166930489,0.814160576528271,0.987204697765749,FALSE,"not significant"
"Gene0626",47.5740321703934,-0.0321918711865138,0.239149590091277,0.802186825801819,0.987204697765749,FALSE,"not significant"
"Gene0630",53.4114413432324,-0.0389543708002634,0.187790898464135,0.781556767721048,0.987204697765749,FALSE,"not significant"
"Gene0634",26.1244084628925,-0.0446070506306361,0.211347519983729,0.750797787634369,0.987204697765749,FALSE,"not significant"
"Gene0644",50.8915117940749,0.0329803520187014,0.203799878685523,0.817430858590204,0.987204697765749,FALSE,"not significant"
"Gene0645",90.3340563282524,-0.0263785375766707,0.195674605421912,0.851007971695521,0.987204697765749,FALSE,"not significant"
"Gene0646",46.2639768538596,-0.0489502985888371,0.217749580048307,0.728103938982081,0.987204697765749,FALSE,"not significant"
"Gene0662",122.080873171546,-0.0298423997918034,0.199832337331391,0.831713901110959,0.987204697765749,FALSE,"not significant"
"Gene0664",21.6616260111324,-0.0253267025635524,0.233432425829119,0.8458258563412,0.987204697765749,FALSE,"not significant"
"Gene0673",8.76404631269867,-0.0369426274395978,0.246904271841084,0.762607524184505,0.987204697765749,FALSE,"not significant"
"Gene0675",27.2405123258271,0.0323900978440876,0.246346758606343,0.783702810647679,0.987204697765749,FALSE,"not significant"
"Gene0676",20.8062030723691,-0.0471058881764341,0.216826354012957,0.737643524006808,0.987204697765749,FALSE,"not significant"
"Gene0682",28.3695996257342,0.0379435503194274,0.210151844494247,0.789475940514463,0.987204697765749,FALSE,"not significant"
"Gene0692",19.4538932146535,0.0246794509873437,0.21920524962374,0.861003472893084,0.987204697765749,FALSE,"not significant"
"Gene0699",37.7680690814863,-0.0354687144228296,0.203192148316339,0.801244860076906,0.987204697765749,FALSE,"not significant"
"Gene0700",49.1242867187914,-0.0243465136840119,0.222496608191856,0.857818049258849,0.987204697765749,FALSE,"not significant"
"Gene0702",43.6738569735084,0.0248216615029964,0.215048716341776,0.852827296856178,0.987204697765749,FALSE,"not significant"
"Gene0703",63.0246685733099,-0.0338099421435476,0.215572136792855,0.808422895913608,0.987204697765749,FALSE,"not significant"
"Gene0709",103.575912584449,-0.0420437771075801,0.190896210813595,0.765220659904807,0.987204697765749,FALSE,"not significant"
"Gene0713",83.7381401231593,-0.0321995712605645,0.203067246850463,0.817612960501701,0.987204697765749,FALSE,"not significant"
"Gene0715",29.051253716356,-0.0392020891032911,0.235099205894143,0.759133199054703,0.987204697765749,FALSE,"not significant"
"Gene0717",39.4560820543615,-0.0250420413457139,0.211213740698306,0.857963554480786,0.987204697765749,FALSE,"not significant"
"Gene0727",28.7359067813866,-0.0401939344501706,0.215062356574288,0.774737498909811,0.987204697765749,FALSE,"not significant"
"Gene0738",104.560116924485,0.0466283401407285,0.192733212294311,0.74054535211114,0.987204697765749,FALSE,"not significant"
"Gene0749",166.676825996223,-0.0370414197665943,0.200376072822311,0.795768568140115,0.987204697765749,FALSE,"not significant"
"Gene0763",20.5466628321436,-0.0229563055902089,0.219023122990389,0.868420714920325,0.987204697765749,FALSE,"not significant"
"Gene0776",49.5220777053847,0.0355073029215363,0.205402198037377,0.80341080328825,0.987204697765749,FALSE,"not significant"
"Gene0782",116.186361385167,0.0414460852323513,0.23035746723569,0.75396937313104,0.987204697765749,FALSE,"not significant"
"Gene0803",42.9374784318225,-0.0283662911280132,0.213987635159753,0.838433024347785,0.987204697765749,FALSE,"not significant"
"Gene0812",375.367190719888,-0.0442018367021884,0.201282688075117,0.754302131551326,0.987204697765749,FALSE,"not significant"
"Gene0818",35.1771238530276,-0.0365556665615053,0.205780907112036,0.796485581196068,0.987204697765749,FALSE,"not significant"
"Gene0823",51.5248543559088,-0.0280154671465805,0.214613129443011,0.838656142598486,0.987204697765749,FALSE,"not significant"
"Gene0831",9.7379737389244,-0.0353015683150861,0.245503613771924,0.773421875518114,0.987204697765749,FALSE,"not significant"
"Gene0833",102.942146188346,0.0427055842673791,0.196073578667365,0.764973047879641,0.987204697765749,FALSE,"not significant"
"Gene0839",28.8286011950222,-0.0292961143883627,0.227564202161737,0.826633474094017,0.987204697765749,FALSE,"not significant"
"Gene0841",170.585136811673,0.0379618981962824,0.229242632870711,0.779208527492019,0.987204697765749,FALSE,"not significant"
"Gene0845",336.147108471089,0.0323925702263157,0.194416467807401,0.820851688634545,0.987204697765749,FALSE,"not significant"
"Gene0846",25.908508306929,0.0412946228294051,0.202152742787766,0.773830089753882,0.987204697765749,FALSE,"not significant"
"Gene0849",39.2083075311043,-0.0459324063193134,0.214903901375278,0.741088479441538,0.987204697765749,FALSE,"not significant"
"Gene0850",79.6642125990458,-0.0426763733035552,0.215872937155693,0.761070387076054,0.987204697765749,FALSE,"not significant"
"Gene0851",27.3171941155043,0.0304898360765502,0.20762244254287,0.830468123041365,0.987204697765749,FALSE,"not significant"
"Gene0852",122.808436124979,0.025264699632265,0.191233284418847,0.860584577834263,0.987204697765749,FALSE,"not significant"
"Gene0857",134.816710878438,-0.0274733291014376,0.217399997414839,0.843267400032118,0.987204697765749,FALSE,"not significant"
"Gene0870",294.606029840746,-0.0301812229565963,0.187900246622607,0.828798560386194,0.987204697765749,FALSE,"not significant"
"Gene0874",53.1243668306394,-0.0326928313231074,0.19454749890287,0.818462779056469,0.987204697765749,FALSE,"not significant"
"Gene0876",285.918961155767,-0.0451435225428449,0.183935953891319,0.746217255356891,0.987204697765749,FALSE,"not significant"
"Gene0880",105.981806389211,-0.0430647356685963,0.215869743440106,0.760422572102851,0.987204697765749,FALSE,"not significant"
"Gene0915",18.7594759556122,0.0318823455834854,0.235773437367116,0.807890645101696,0.987204697765749,FALSE,"not significant"
"Gene0933",89.1985641389538,0.0457293947878167,0.208912713713968,0.747928160864332,0.987204697765749,FALSE,"not significant"
"Gene0939",535.059250411837,0.0456680288541432,0.212213139682848,0.749859927397974,0.987204697765749,FALSE,"not significant"
"Gene0941",19.6013541373346,-0.0211951638621513,0.237774143023675,0.867469032015576,0.987204697765749,FALSE,"not significant"
"Gene0946",59.5624278860923,-0.0325282162530272,0.200085149679589,0.817831877617738,0.987204697765749,FALSE,"not significant"
"Gene0960",84.2733077990988,0.0266420943874328,0.214419361599299,0.850374850431414,0.987204697765749,FALSE,"not significant"
"Gene0963",140.174190007697,0.0337078135343482,0.221869730252327,0.800580371974347,0.987204697765749,FALSE,"not significant"
"Gene0964",141.3635014458,-0.0443389457809339,0.187321505211636,0.751722572154982,0.987204697765749,FALSE,"not significant"
"Gene0965",36.0547426024764,-0.0264209278196097,0.216844221895635,0.846715798488689,0.987204697765749,FALSE,"not significant"
"Gene0970",208.751676081114,-0.0354213787377162,0.206232928991778,0.800358584738282,0.987204697765749,FALSE,"not significant"
"Gene0971",38.1337642692516,0.036484238622046,0.20332094492562,0.798101016528936,0.987204697765749,FALSE,"not significant"
"Gene0978",37.2392659752346,0.0342031881932578,0.222414556159001,0.806746754228045,0.987204697765749,FALSE,"not significant"
"Gene0982",142.259718246581,-0.0329744445814636,0.203012407982813,0.815555145928944,0.987204697765749,FALSE,"not significant"
"Gene0991",461.906096328874,0.027330590047138,0.193528141526365,0.848256291007064,0.987204697765749,FALSE,"not significant"
"Gene0995",95.738677079845,-0.0384416769536343,0.223236084869727,0.775813786057381,0.987204697765749,FALSE,"not significant"
"Gene0681",80.1514325189465,0.023501979324563,0.199229862153813,0.870375638090033,0.988291051746317,FALSE,"not significant"
"Gene0308",299.336412599323,-0.0221394387681148,0.210687427910158,0.871771256783787,0.988740565320143,FALSE,"not significant"
"Gene0486",52.6850802882449,0.0222964588846327,0.208650471581555,0.87432325380521,0.989490165247899,FALSE,"not significant"
"Gene0743",318.762709746451,-0.0216677108444762,0.188752823816519,0.874433169288841,0.989490165247899,FALSE,"not significant"
"Gene0291",46.9424153508754,-0.0215939310050152,0.210124709189619,0.87646932556287,0.989529866417441,FALSE,"not significant"
"Gene0406",71.7104610078209,0.0222149628900907,0.215545136209006,0.875558172660618,0.989529866417441,FALSE,"not significant"
"Gene0798",39.083880183847,0.0216574809345776,0.211155211829057,0.878790430702023,0.991019083197606,FALSE,"not significant"
"Gene0115",125.674212436268,0.0169297050933617,0.193795558972878,0.906281843638071,0.991225770418571,FALSE,"not significant"
"Gene0119",65.8837860424775,0.0201122070006408,0.21240314328276,0.889733727864962,0.991225770418571,FALSE,"not significant"
"Gene0121",107.586682232412,0.0185671912693187,0.177433944941396,0.894838926117592,0.991225770418571,FALSE,"not significant"
"Gene0143",90.391599986626,-0.0192111565252336,0.215933255907549,0.890613141850621,0.991225770418571,FALSE,"not significant"
"Gene0156",52.3759444437435,-0.0155013026138904,0.215841998412888,0.907079924772523,0.991225770418571,FALSE,"not significant"
"Gene0171",626.66823980914,-0.0132696859065119,0.194697707746064,0.919320187763742,0.991225770418571,FALSE,"not significant"
"Gene0178",66.8866109748609,-0.016708285800441,0.203895966045881,0.904799339105675,0.991225770418571,FALSE,"not significant"
"Gene0280",46.3228241135238,-0.0156042816516562,0.216011563853564,0.909802704214139,0.991225770418571,FALSE,"not significant"
"Gene0289",408.511820084953,0.0166935970590262,0.217516348385387,0.904485176360103,0.991225770418571,FALSE,"not significant"
"Gene0296",57.1149811598019,-0.0132912101852448,0.215399739790066,0.922855680365941,0.991225770418571,FALSE,"not significant"
"Gene0341",36.1389560165378,0.0146849680504478,0.207282089913233,0.918415982159259,0.991225770418571,FALSE,"not significant"
"Gene0353",186.136277215964,-0.0181819478709504,0.215400193762466,0.892304959693319,0.991225770418571,FALSE,"not significant"
"Gene0419",48.896927490435,0.0137314737796495,0.225542663815514,0.916113640657161,0.991225770418571,FALSE,"not significant"
"Gene0432",202.083204085102,0.0160608949016173,0.227478351624422,0.906069236880693,0.991225770418571,FALSE,"not significant"
"Gene0453",116.976981611657,0.0210403484194607,0.182960297708346,0.883062987483438,0.991225770418571,FALSE,"not significant"
"Gene0455",134.379239484063,0.0161284354942661,0.203360132120507,0.911830115751781,0.991225770418571,FALSE,"not significant"
"Gene0465",58.3387179594252,-0.0164931618961694,0.202349374825675,0.905215881040554,0.991225770418571,FALSE,"not significant"
"Gene0480",80.9303810684655,-0.013530705464076,0.20927027360362,0.921320666955829,0.991225770418571,FALSE,"not significant"
"Gene0483",67.7490461328524,0.0195011908082924,0.201699228159519,0.892090430638394,0.991225770418571,FALSE,"not significant"
"Gene0527",70.3939685171952,0.0168508113339144,0.212404266829293,0.90713554585092,0.991225770418571,FALSE,"not significant"
"Gene0542",13.831606577049,0.0189108192016812,0.226177074996425,0.891540660754984,0.991225770418571,FALSE,"not significant"
"Gene0546",32.6754869185174,0.014845517219247,0.224091252859586,0.916497342673795,0.991225770418571,FALSE,"not significant"
"Gene0559",659.682388442777,0.0216844360231896,0.206646495307774,0.881195698892611,0.991225770418571,FALSE,"not significant"
"Gene0565",38.6057934765363,0.0153120979096877,0.209650400464177,0.914774407750463,0.991225770418571,FALSE,"not significant"
"Gene0588",32.0434926659298,-0.0207887865681373,0.209236994182382,0.881245283700306,0.991225770418571,FALSE,"not significant"
"Gene0595",163.47819343761,-0.0164225504584572,0.205292143327563,0.902237133724451,0.991225770418571,FALSE,"not significant"
"Gene0598",78.4294491820606,-0.0160247249383698,0.200446751380919,0.908147682893095,0.991225770418571,FALSE,"not significant"
"Gene0606",551.14890628288,0.0179735720233472,0.187157597971795,0.897897447668905,0.991225770418571,FALSE,"not significant"
"Gene0614",76.0630017995901,0.0199994964324272,0.201738830593804,0.889164159512999,0.991225770418571,FALSE,"not significant"
"Gene0691",203.380035010841,-0.0137951010239679,0.225964657373695,0.91891708210441,0.991225770418571,FALSE,"not significant"
"Gene0708",148.873558100867,0.0152971622362825,0.208992316999769,0.915125692543721,0.991225770418571,FALSE,"not significant"
"Gene0735",15.8102859587463,-0.0151817662784303,0.220971203318611,0.911592490968532,0.991225770418571,FALSE,"not significant"
"Gene0744",259.30340484814,0.0182275658165505,0.195988766805987,0.901319849540201,0.991225770418571,FALSE,"not significant"
"Gene0761",334.454054658248,0.017827459600424,0.205694526739074,0.903067063536475,0.991225770418571,FALSE,"not significant"
"Gene0773",52.305933333545,0.0172697323021062,0.196361515006242,0.904350854248677,0.991225770418571,FALSE,"not significant"
"Gene0789",425.94404382197,0.0186379273948159,0.19302303377935,0.897123999319664,0.991225770418571,FALSE,"not significant"
"Gene0820",8.09990841496216,0.0166663554988373,0.247200812827655,0.892081168386407,0.991225770418571,FALSE,"not significant"
"Gene0854",78.8320557469466,0.0207589303834391,0.206560642575436,0.884479646238452,0.991225770418571,FALSE,"not significant"
"Gene0881",105.031917079588,0.0172450143549864,0.213731677241464,0.903330009540623,0.991225770418571,FALSE,"not significant"
"Gene0906",336.779995792574,0.0165578341850505,0.209139882976479,0.908821490211847,0.991225770418571,FALSE,"not significant"
"Gene0966",75.7579156898246,0.0138746200435575,0.198331494935775,0.923072734636506,0.991225770418571,FALSE,"not significant"
"Gene0989",221.208565886436,0.0174019446646879,0.217185983124919,0.902608190549299,0.991225770418571,FALSE,"not significant"
"Gene0990",87.1303522357906,0.0147813340668151,0.200857053694601,0.918877724151488,0.991225770418571,FALSE,"not significant"
"Gene1000",57.9664502624188,0.0145647824729599,0.199742560948874,0.922145823224079,0.991225770418571,FALSE,"not significant"
"Gene0221",33.0254130191822,0.0127821649368289,0.213655676169738,0.927735302716361,0.994156282643805,FALSE,"not significant"
"Gene0594",205.115935751901,-0.0119750223207828,0.222689408775572,0.927812182892044,0.994156282643805,FALSE,"not significant"
"Gene0110",11.4180962115009,-0.0115068631099592,0.232016323763621,0.93170693089947,0.996956999441162,FALSE,"not significant"
"Gene0252",83.4854583915676,-0.00930205318719645,0.225112586160563,0.943530587944315,0.996956999441162,FALSE,"not significant"
"Gene0342",369.023879142538,0.0106806525021483,0.197966281143853,0.940569975113389,0.996956999441162,FALSE,"not significant"
"Gene0392",50.8193088208246,-0.0100467927455704,0.203398571017081,0.942358920230354,0.996956999441162,FALSE,"not significant"
"Gene0509",31.8956295983293,0.0107007097785055,0.224527556954448,0.939035750763251,0.996956999441162,FALSE,"not significant"
"Gene0544",101.804785876299,-0.0106543103934697,0.207979299356507,0.938501599463945,0.996956999441162,FALSE,"not significant"
"Gene0658",6.96943907359731,0.00946530011926289,0.245807586475243,0.939657547055405,0.996956999441162,FALSE,"not significant"
"Gene0734",44.0982299304777,-0.0117558025861012,0.218433906172617,0.93258492144019,0.996956999441162,FALSE,"not significant"
"Gene0736",531.556462937931,0.0103923555086379,0.177962519422507,0.943156587977289,0.996956999441162,FALSE,"not significant"
"Gene0810",203.426528390537,-0.010027674353012,0.186590328094813,0.941401450486579,0.996956999441162,FALSE,"not significant"
"Gene0811",42.0731412098057,-0.0104694513858605,0.214910316624856,0.938102635164172,0.996956999441162,FALSE,"not significant"
"Gene0853",102.392326082606,-0.00985619674502575,0.190433912180198,0.943195721254032,0.996956999441162,FALSE,"not significant"
"Gene0931",86.3180892192572,-0.0111848290415976,0.196898742228102,0.935517623610713,0.996956999441162,FALSE,"not significant"
"Gene0104",994.706592245221,0.00445145705174567,0.212785968530004,0.975757800867209,0.998056918096374,FALSE,"not significant"
"Gene0124",122.036828406164,-0.00566728859093647,0.192692837946341,0.966798404057285,0.998056918096374,FALSE,"not significant"
"Gene0138",33.7165054569288,0.00806458148742231,0.203596899418288,0.955587596150453,0.998056918096374,FALSE,"not significant"
"Gene0160",661.40780131764,-0.00592708652387029,0.174633588485451,0.974220326737932,0.998056918096374,FALSE,"not significant"
"Gene0163",112.791404445179,-0.00294466775243173,0.203341199400839,0.981348519328775,0.998056918096374,FALSE,"not significant"
"Gene0195",369.779982481739,0.00245078290218648,0.199833897365974,0.983928710964575,0.998056918096374,FALSE,"not significant"
"Gene0197",43.2433931988527,-0.00907197242644133,0.211508716718688,0.946154383965121,0.998056918096374,FALSE,"not significant"
"Gene0239",1213.48525974933,-0.0120212234193374,0.206005530612336,0.955661236944882,0.998056918096374,FALSE,"not significant"
"Gene0241",77.2096318231244,0.00743259379654713,0.191212583364827,0.959077302287174,0.998056918096374,FALSE,"not significant"
"Gene0265",41.006536118039,-0.00523359559986994,0.195802056135305,0.969672328487384,0.998056918096374,FALSE,"not significant"
"Gene0286",23.3755329275139,0.00836787690233416,0.218002498557788,0.954509253846051,0.998056918096374,FALSE,"not significant"
"Gene0302",217.650766568388,0.00368235893838195,0.212950266695491,0.978799283742607,0.998056918096374,FALSE,"not significant"
"Gene0318",32.3207728930859,-0.00682092828981611,0.198811565646863,0.96327112121593,0.998056918096374,FALSE,"not significant"
"Gene0339",173.90500236159,0.00611368866522482,0.202952459781801,0.973775073113762,0.998056918096374,FALSE,"not significant"
"Gene0344",44.8054570128129,-0.00226897449829686,0.202266758927809,0.98215561971328,0.998056918096374,FALSE,"not significant"
"Gene0361",185.148548086811,0.00875009008735357,0.210853856460164,0.950821297522621,0.998056918096374,FALSE,"not significant"
"Gene0363",134.369854217777,0.00839172593507293,0.238168521351729,0.94999738543402,0.998056918096374,FALSE,"not significant"
"Gene0393",67.7615520412218,0.00687386508636862,0.193008461421468,0.962714959820817,0.998056918096374,FALSE,"not significant"
"Gene0407",19.9562414464533,0.00359200258235008,0.228668454977489,0.98015668729415,0.998056918096374,FALSE,"not significant"
"Gene0478",69.7382082886116,-0.00523352435330875,0.234592520876766,0.968030946704058,0.998056918096374,FALSE,"not significant"
"Gene0491",27.4708348152642,0.00366212240149124,0.223907520272417,0.980616162402634,0.998056918096374,FALSE,"not significant"
"Gene0516",48.176264479012,-0.00428178349518708,0.198702342200106,0.975035710719405,0.998056918096374,FALSE,"not significant"
"Gene0519",106.654264601765,-0.00464447850348017,0.180733233827245,0.972327521054853,0.998056918096374,FALSE,"not significant"
"Gene0545",26.0361970408094,-0.00454406740012403,0.223053586736754,0.972334599853403,0.998056918096374,FALSE,"not significant"
"Gene0612",32.1314666524487,-0.00409395840751886,0.264968699482254,0.958668515865831,0.998056918096374,FALSE,"not significant"
"Gene0635",186.441924524799,0.00656412512607817,0.188447510656365,0.965008080264984,0.998056918096374,FALSE,"not significant"
"Gene0666",272.9560586572,0.00364169635686671,0.185937722055666,0.980086807601698,0.998056918096374,FALSE,"not significant"
"Gene0687",45.1995221013706,0.0058258017325654,0.208116162961834,0.968775561993088,0.998056918096374,FALSE,"not significant"
"Gene0728",48.7237689753206,-0.00504361569741652,0.226569147934689,0.968025850326362,0.998056918096374,FALSE,"not significant"
"Gene0784",71.6647126219531,-0.00869010721043722,0.205083464321193,0.949401783576235,0.998056918096374,FALSE,"not significant"
"Gene0807",81.2933606338432,-0.00736548858779014,0.217406896071406,0.956798627302125,0.998056918096374,FALSE,"not significant"
"Gene0868",82.5249472047575,0.0081229031158527,0.214158147274569,0.955078259623791,0.998056918096374,FALSE,"not significant"
"Gene0883",200.152576701259,0.00787268458268344,0.213482303598648,0.952190693174854,0.998056918096374,FALSE,"not significant"
"Gene0888",63.4850088400478,-0.0079420486479386,0.217009338146891,0.952696261649261,0.998056918096374,FALSE,"not significant"
"Gene0932",149.186688935776,0.00307379802610485,0.222165340205798,0.983839123124969,0.998056918096374,FALSE,"not significant"
"Gene0950",70.6945086238289,-0.0043008135131567,0.189908058444655,0.974201141085364,0.998056918096374,FALSE,"not significant"
"Gene0983",33.087299038758,0.00384071822553778,0.202563833074968,0.980042476783585,0.998056918096374,FALSE,"not significant"
"Gene0984",579.353689320997,0.00965032296534301,0.194589944100826,0.969989979546086,0.998056918096374,FALSE,"not significant"
"Gene0993",432.372239159754,0.00727169791324491,0.18206231721408,0.959717387183258,0.998056918096374,FALSE,"not significant"
"Gene0650",14.494493390403,0.00220343577988149,0.226674524177748,0.988325472495447,0.998529449246015,FALSE,"not significant"
"Gene0834",57.8655800790953,-0.00216494973699312,0.191908404709493,0.986386801799272,0.998529449246015,FALSE,"not significant"
"Gene0977",186.008576833972,-0.00192726539085265,0.196176703479134,0.987819747868565,0.998529449246015,FALSE,"not significant"
"Gene0992",79.9673471073344,-0.00126973276103311,0.214438030220021,0.988433094855257,0.998529449246015,FALSE,"not significant"
"Gene0207",28.6967196322152,-0.00047324316761068,0.218164697147715,0.994499018305139,0.999295210772653,FALSE,"not significant"
"Gene0231",64.1892841410077,0.000605739885089315,0.209414442716265,0.998226954628069,0.999295210772653,FALSE,"not significant"
"Gene0271",18.0229650209172,-0.000528187967849119,0.232389255048363,0.995445814189348,0.999295210772653,FALSE,"not significant"
"Gene0282",9.4691153181728,2.89594100971494e-05,0.231827861546432,0.999104884096704,0.999295210772653,FALSE,"not significant"
"Gene0420",230.990655599504,0.00140621095796855,0.205486179808594,0.994004255630022,0.999295210772653,FALSE,"not significant"
"Gene0577",109.223921653915,-0.000773268601345728,0.206787290027327,0.992861980483003,0.999295210772653,FALSE,"not significant"
"Gene0722",162.244975275612,0.00120301040772835,0.22749606368953,0.99522464309497,0.999295210772653,FALSE,"not significant"
"Gene0790",107.085830101526,0.00102531818888371,0.193866485009892,0.995567476379613,0.999295210772653,FALSE,"not significant"
"Gene0801",16.0158467400024,0.000315830720238738,0.21846203024686,0.999295210772653,0.999295210772653,FALSE,"not significant"
"Gene0997",105.619169803097,0.000803312558818926,0.188591182963144,0.99678380439692,0.999295210772653,FALSE,"not significant"
